EmployeeNumber,JobLevel,Jobrole,JobInv,JobInvolvement,MonthlyIncome,MonthlyRate,OverTime,PercentSalaryHike,StockOptionLevel,,
1,2,Sales Executive,3,High,5993,19479,Yes,11,0,,
2,2,Research Scientist,2,Medium,5130,24907,No,23,1,,
4,1,Laboratory Technician,2,Medium,2090,2396,Yes,15,0,,
5,1,Research Scientist,3,High,2909,23159,Yes,11,0,,
7,1,Laboratory Technician,3,High,3468,16632,No,12,1,,
8,1,Laboratory Technician,3,High,3068,11864,No,13,0,,
10,1,Laboratory Technician,4,Very High,2670,9964,Yes,20,3,,
11,1,Laboratory Technician,3,High,2693,13335,No,22,1,,
12,3,Manufacturing Director,2,Medium,9526,8787,No,21,0,,
13,2,Healthcare Representative,3,High,5237,16577,No,13,2,,
14,1,Laboratory Technician,4,Very High,2426,16479,No,13,1,,
15,2,Laboratory Technician,2,Medium,4193,12682,Yes,12,0,,
16,1,Research Scientist,3,High,2911,15170,No,17,1,,
18,1,Laboratory Technician,3,High,2661,8758,No,11,1,,
19,1,Laboratory Technician,2,Medium,2028,12947,Yes,14,0,,
20,3,Manufacturing Director,4,Very High,9980,10195,No,11,1,,
21,1,Research Scientist,4,Very High,3298,15053,Yes,12,2,,
22,1,Laboratory Technician,4,Very High,2935,7324,Yes,13,2,,
23,4,Manager,2,Medium,15427,22021,No,16,0,,
24,1,Research Scientist,3,High,3944,4306,Yes,11,0,,
26,2,Manufacturing Director,4,Very High,4011,8232,No,18,1,,
27,1,Sales Representative,2,Medium,3407,6986,No,23,0,,
28,3,Research Director,3,High,11994,21293,No,11,0,,
30,1,Research Scientist,3,High,1232,19281,No,14,0,,
31,1,Research Scientist,3,High,2960,17102,No,11,0,,
32,5,Manager,3,High,19094,10735,No,11,1,,
33,1,Research Scientist,1,Low,3919,4681,Yes,22,0,,
35,2,Sales Executive,3,High,6825,21173,No,11,1,,
36,3,Healthcare Representative,2,Medium,10248,2094,No,14,1,,Healthcare Representative
38,5,Manager,3,High,18947,22822,No,12,0,,
39,1,Laboratory Technician,3,High,2496,6670,No,11,0,,
40,2,Healthcare Representative,3,High,6465,19121,Yes,13,0,,
41,1,Laboratory Technician,2,Medium,2206,16117,No,13,0,,
42,2,Sales Representative,3,High,2086,3335,No,14,1,,
45,1,Research Scientist,3,High,2293,3020,Yes,16,1,,
46,1,Research Scientist,4,Very High,2645,21923,No,12,2,,
47,1,Sales Representative,2,Medium,2683,3810,Yes,14,0,,
49,1,Sales Representative,3,High,2014,9687,No,13,0,,
51,1,Research Scientist,2,Medium,3419,13072,Yes,14,1,,
52,2,Sales Executive,4,Very High,5376,3193,No,19,2,,
53,1,Laboratory Technician,3,High,1951,10910,No,12,1,,
54,1,Laboratory Technician,3,High,2341,19715,No,13,1,,
55,1,Laboratory Technician,1,Low,2293,10558,No,12,0,,
56,3,Sales Executive,3,High,8726,2975,No,15,0,,
57,2,Laboratory Technician,3,High,4011,10781,No,23,0,,
58,5,Research Director,3,High,19545,16280,No,12,0,,
60,2,Sales Executive,3,High,4568,10034,No,20,0,,
61,1,Research Scientist,3,High,3022,10227,No,21,0,,
62,2,Sales Executive,3,High,5772,20445,Yes,21,0,,
63,1,Laboratory Technician,4,Very High,2269,4892,No,19,0,,
64,3,Laboratory Technician,2,Medium,5381,19294,Yes,13,0,,
65,1,Laboratory Technician,3,High,3441,11179,Yes,13,0,,
68,2,Sales Executive,3,High,5454,4009,Yes,21,1,,
70,3,Healthcare Representative,2,Medium,9884,8302,Yes,13,1,,
72,2,Sales Executive,2,Medium,4157,21436,Yes,19,1,,
73,3,Research Director,3,High,13458,15146,Yes,12,0,,
74,3,Sales Executive,3,High,9069,11031,No,22,1,,
75,1,Laboratory Technician,3,High,4014,16002,Yes,15,1,,
76,2,Laboratory Technician,3,High,5915,9528,No,22,1,,
77,2,Manufacturing Director,2,Medium,5993,2689,No,18,1,,
78,2,Manufacturing Director,3,High,6162,10877,Yes,22,1,,
79,2,Laboratory Technician,3,High,2406,5456,No,11,0,,
80,5,Research Director,2,Medium,18740,16701,Yes,12,1,,
81,3,Sales Executive,3,High,7637,2354,No,11,0,,
83,3,Healthcare Representative,3,High,10096,8202,No,13,3,,
84,4,Manager,3,High,14756,19730,Yes,14,3,,
85,2,Manufacturing Director,2,Medium,6499,22656,No,13,0,,
86,3,Research Scientist,3,High,9724,18787,No,17,1,,
88,1,Research Scientist,3,High,2194,5868,No,13,1,,
90,1,Research Scientist,2,Medium,3388,21777,Yes,17,1,,
91,2,Sales Executive,2,Medium,5473,24668,No,11,0,,
94,1,Research Scientist,3,High,2703,4956,No,23,1,,
95,1,Research Scientist,3,High,2501,18775,No,17,0,,
96,2,Research Scientist,3,High,6220,7346,No,17,2,,
97,1,Laboratory Technician,4,Very High,3038,22002,No,12,0,,
98,2,Manufacturing Director,3,High,4424,20682,No,23,0,,
100,2,Sales Executive,2,Medium,4312,23016,No,14,0,,
101,3,Research Director,3,High,13245,15067,Yes,14,0,,
102,3,Research Director,3,High,13664,25258,No,13,0,,
103,2,Human Resources,3,High,5021,10425,Yes,22,1,,
104,2,Laboratory Technician,2,Medium,5126,15998,Yes,12,2,,
105,1,Research Scientist,2,Medium,2859,26278,No,18,0,,
106,3,Sales Executive,3,High,10239,18092,No,14,1,,
107,2,Research Scientist,1,Low,5329,15717,Yes,12,3,,
110,2,Manufacturing Director,3,High,4325,17736,No,15,0,,
112,3,Manufacturing Director,1,Low,7260,21698,No,11,0,,
113,1,Sales Representative,3,High,2322,9518,No,13,1,,
116,1,Laboratory Technician,3,High,2075,18725,No,23,2,,
117,2,Healthcare Representative,2,Medium,4152,15830,No,19,3,,
118,3,Sales Executive,2,Medium,9619,13596,No,16,0,,
119,4,Healthcare Representative,2,Medium,13503,14115,No,22,1,,
120,2,Sales Executive,3,High,5441,8423,Yes,22,0,,
121,2,Sales Executive,2,Medium,5209,19760,Yes,12,3,,
124,3,Healthcare Representative,2,Medium,10673,3142,Yes,13,1,,
125,2,Sales Executive,3,High,5010,24301,No,16,0,,
126,3,Research Director,3,High,13549,24001,No,12,1,,
128,2,Sales Executive,3,High,4999,17519,No,21,1,,
129,2,Sales Executive,3,High,4221,8863,No,15,0,,
131,4,Sales Executive,3,High,13872,24409,No,13,0,,
132,2,Laboratory Technician,3,High,2042,25043,No,12,1,,
133,1,Human Resources,3,High,2073,23648,Yes,22,0,,
134,1,Research Scientist,3,High,2956,15178,No,13,0,,
137,1,Laboratory Technician,2,Medium,2926,19783,Yes,18,0,,
138,2,Research Scientist,3,High,4809,12482,No,14,0,,
139,2,Healthcare Representative,2,Medium,5163,15850,No,14,1,,
140,5,Manager,2,Medium,18844,21922,No,21,1,,
141,5,Research Director,3,High,18172,9755,Yes,19,0,,
142,2,Sales Executive,2,Medium,5744,26959,Yes,11,0,,
143,1,Research Scientist,2,Medium,2889,26897,No,11,2,,
144,1,Laboratory Technician,3,High,2871,23785,No,15,0,,
145,3,Healthcare Representative,2,Medium,7484,25796,No,20,0,,
147,2,Laboratory Technician,1,Low,6074,22887,Yes,24,0,,
148,4,Manager,4,Very High,17328,13871,Yes,12,0,,
150,1,Laboratory Technician,3,High,2774,13257,No,12,1,,
151,2,Research Scientist,2,Medium,4505,15000,No,15,1,,
152,3,Sales Executive,3,High,7428,14506,No,12,0,,
153,3,Manager,2,Medium,11631,5615,No,12,0,,
154,3,Sales Executive,3,High,9738,22952,No,14,1,,
155,1,Laboratory Technician,3,High,2835,2561,No,22,1,,
158,4,Manager,3,High,16959,19494,Yes,12,2,,
159,1,Research Scientist,1,Low,2613,22310,No,25,3,,
160,2,Sales Executive,3,High,6146,15480,No,13,1,,
161,1,Research Scientist,3,High,4963,4510,Yes,18,3,,
162,5,Research Director,3,High,19537,6462,No,13,0,,
163,2,Sales Executive,1,Low,6172,20739,Yes,18,0,,
164,1,Research Scientist,2,Medium,2368,23300,No,19,0,,
165,3,Healthcare Representative,3,High,10312,3465,No,12,1,,
167,1,Sales Representative,3,High,1675,26820,Yes,19,0,,
169,1,Laboratory Technician,3,High,2523,19299,No,14,1,,
170,2,Manufacturing Director,3,High,6567,5549,No,14,0,,
171,1,Research Scientist,4,Very High,4739,16090,No,12,0,,
174,3,Sales Executive,3,High,9208,6645,No,11,0,,
175,2,Sales Executive,1,Low,4559,24788,Yes,11,1,,
176,3,Sales Executive,3,High,8189,21196,Yes,13,1,,
177,1,Human Resources,3,High,2942,8916,No,23,1,,Human Resources
178,2,Manufacturing Director,3,High,4941,2819,No,20,2,,
179,3,Manufacturing Director,1,Low,10650,25150,No,15,0,,
182,2,Sales Executive,2,Medium,5902,14590,No,14,1,,
183,2,Sales Executive,2,Medium,8639,24835,No,18,0,,
184,2,Human Resources,3,High,6347,13982,Yes,19,0,,
190,1,Laboratory Technician,3,High,4200,10224,No,22,0,,
192,1,Research Scientist,3,High,3452,9752,No,13,0,,
193,2,Research Scientist,3,High,4317,2302,Yes,20,0,,
194,1,Research Scientist,3,High,2632,23910,No,14,0,,
195,2,Sales Executive,1,Low,4668,22812,No,17,3,,
197,1,Research Scientist,3,High,3204,10415,No,14,1,,
198,1,Laboratory Technician,2,Medium,2720,11162,No,13,0,,
199,4,Manager,2,Medium,17181,12888,No,13,1,,
200,1,Laboratory Technician,3,High,2238,6961,No,21,1,,
201,1,Laboratory Technician,3,High,1483,16102,No,14,0,,
202,2,Research Scientist,3,High,5605,8504,No,11,1,,
204,3,Sales Executive,3,High,7295,11439,No,13,2,,
205,2,Sales Representative,3,High,2306,16047,Yes,20,1,,
206,2,Laboratory Technician,3,High,2348,10901,No,18,1,,
207,3,Sales Executive,3,High,8998,15589,No,14,0,,
208,2,Manufacturing Director,3,High,4319,26283,No,13,1,,
211,2,Manufacturing Director,2,Medium,6132,13983,No,17,0,,
214,1,Research Scientist,2,Medium,3346,11873,Yes,20,1,,
215,3,Sales Executive,2,Medium,10855,8552,No,11,1,,
216,1,Sales Representative,3,High,2231,11314,No,18,1,,
217,1,Research Scientist,3,High,2323,11992,No,24,2,,
218,1,Research Scientist,3,High,2024,5970,No,18,1,,
221,1,Research Scientist,3,High,2713,6672,No,11,1,,
223,3,Healthcare Representative,4,Very High,9439,23402,Yes,16,1,,
224,1,Research Scientist,2,Medium,2566,25326,Yes,15,1,,
226,5,Manager,3,High,19926,17053,No,15,0,,
227,1,Research Scientist,3,High,2451,4609,No,12,1,,
228,3,Sales Executive,3,High,9419,8053,No,12,1,,
230,2,Sales Executive,2,Medium,8686,12930,No,22,0,,
231,1,Research Scientist,3,High,3038,12430,No,20,0,,
233,1,Research Scientist,3,High,3058,13364,Yes,16,1,,
235,1,Sales Representative,1,Low,2325,20989,No,21,0,,
238,1,Laboratory Technician,3,High,2088,15062,No,12,0,,
239,2,Laboratory Technician,3,High,3072,11012,No,11,2,,
240,2,Sales Executive,3,High,5006,6319,Yes,11,1,,
241,1,Research Scientist,3,High,4257,13939,Yes,18,1,,
242,1,Research Scientist,3,High,2500,10515,No,14,0,,
243,1,Laboratory Technician,2,Medium,1102,9241,No,22,0,,
244,3,Sales Executive,3,High,10453,2137,No,25,3,,
245,1,Laboratory Technician,3,High,2288,6319,No,12,0,,
246,1,Research Scientist,3,High,3929,6984,Yes,23,1,,
247,1,Research Scientist,3,High,2311,5711,No,15,0,,
248,1,Sales Representative,3,High,3140,21728,Yes,22,0,,
249,1,Laboratory Technician,2,Medium,3690,3425,No,15,1,,
250,2,Manufacturing Director,4,Very High,4450,26250,No,11,2,,
252,1,Research Scientist,3,High,2756,4673,No,13,1,,
253,5,Manager,3,High,19033,6499,No,14,1,,
254,5,Research Director,4,Very High,18722,13339,No,11,0,,
256,2,Manufacturing Director,2,Medium,9547,14074,No,17,0,,
258,4,Healthcare Representative,3,High,13734,7192,No,18,0,,
259,5,Manager,2,Medium,19999,5678,No,14,1,,
260,1,Research Scientist,3,High,2279,11781,No,16,0,,
261,2,Manufacturing Director,2,Medium,5916,15497,Yes,13,0,,
262,1,Research Scientist,4,Very High,2089,5228,No,14,3,,
264,4,Manager,2,Medium,16792,20462,No,23,1,,
267,1,Research Scientist,4,Very High,3564,22977,Yes,12,1,,
269,2,Laboratory Technician,3,High,4425,15986,No,11,0,,
270,2,Manufacturing Director,3,High,5265,16439,No,16,1,,
271,2,Manufacturing Director,3,High,6553,7259,No,14,0,,
273,2,Manufacturing Director,3,High,6261,4185,No,18,1,,
274,2,Manufacturing Director,2,Medium,4298,9679,No,19,1,,
275,2,Manufacturing Director,3,High,6804,23793,Yes,15,2,,
277,1,Research Scientist,3,High,3815,5972,Yes,17,1,,
281,2,Laboratory Technician,3,High,2741,16523,Yes,15,1,,
282,2,Healthcare Representative,3,High,6673,11354,Yes,19,0,,
283,3,Sales Executive,3,High,7639,24525,No,22,3,,
284,1,Research Scientist,4,Very High,2328,12392,Yes,16,1,,
286,1,Laboratory Technician,3,High,2153,7703,No,13,0,,
287,2,Healthcare Representative,2,Medium,4876,14242,No,14,1,,
288,3,Healthcare Representative,3,High,9396,12368,No,16,1,,
291,3,Sales Executive,1,Low,10400,25812,No,11,0,,
292,3,Manufacturing Director,2,Medium,8474,20925,No,22,0,,
293,2,Sales Executive,3,High,9981,12916,No,14,0,,
296,3,Research Director,2,Medium,12490,15736,No,16,2,,
297,1,Research Scientist,3,High,2657,8556,Yes,11,0,,
298,3,Manager,3,High,13591,14674,Yes,18,0,,
299,2,Sales Executive,2,Medium,6696,22967,No,15,0,,
300,1,Research Scientist,3,High,2058,19757,No,14,0,,
302,3,Sales Executive,2,Medium,8865,16840,No,12,0,,
303,2,Sales Executive,3,High,5940,17011,No,14,1,,
304,2,Laboratory Technician,3,High,5914,9945,No,16,0,,
305,1,Research Scientist,2,Medium,2622,13248,No,21,0,,
306,3,Research Director,3,High,12185,10056,Yes,14,3,,
307,3,Sales Executive,3,High,10609,9647,No,12,2,,
308,2,Manufacturing Director,1,Low,4345,4381,No,12,1,,
309,1,Research Scientist,2,Medium,2177,8456,No,17,1,,
311,1,Sales Representative,3,High,2793,2539,No,17,1,,
312,3,Sales Executive,3,High,7918,6599,No,14,1,,
314,3,Sales Executive,3,High,8789,9096,No,14,0,,
315,1,Research Scientist,2,Medium,2389,14961,Yes,13,0,,
316,1,Laboratory Technician,2,Medium,3212,3300,No,15,0,,
319,5,Manager,3,High,19232,4933,No,11,0,,
321,1,Human Resources,3,High,2267,25657,No,17,0,,
323,5,Manager,3,High,19517,24118,No,11,1,,
325,1,Laboratory Technician,3,High,2436,22149,Yes,13,1,,
327,4,Manager,3,High,16064,7744,Yes,22,1,,
328,1,Laboratory Technician,3,High,2707,21509,No,20,0,,
329,5,Manager,2,Medium,19068,21030,Yes,18,0,,
330,1,Sales Representative,3,High,3931,20990,No,11,1,,
331,1,Laboratory Technician,2,Medium,3730,9571,Yes,14,0,,
332,1,Laboratory Technician,3,High,2232,15417,No,14,3,,
333,2,Sales Executive,3,High,4465,12069,No,18,0,,
334,2,Research Scientist,3,High,3072,19877,No,16,2,,
335,2,Research Scientist,3,High,3319,24447,No,17,2,,
336,5,Manager,4,Very High,19202,15970,No,11,1,,
337,3,Research Director,3,High,13675,13523,No,12,1,,
338,1,Research Scientist,2,Medium,2911,14776,No,13,1,,
339,2,Manufacturing Director,2,Medium,5957,23687,No,13,1,,
340,1,Research Scientist,2,Medium,3920,18697,No,14,1,,
341,2,Manufacturing Director,4,Very High,6434,5118,No,17,1,,
342,3,Manufacturing Director,3,High,10048,22573,No,11,2,,
343,3,Healthcare Representative,3,High,10938,6420,No,25,0,,
346,1,Research Scientist,3,High,2340,22673,No,19,0,,
347,2,Research Scientist,4,Very High,6545,23016,Yes,13,0,,
349,2,Sales Executive,3,High,6931,10732,No,14,1,,
350,2,Manufacturing Director,3,High,4898,7505,No,12,2,,
351,1,Laboratory Technician,2,Medium,2593,8007,Yes,11,1,,
352,5,Research Director,3,High,19436,5949,No,19,1,,
353,1,Research Scientist,3,High,2723,23231,No,11,0,,
355,1,Laboratory Technician,2,Medium,3479,11652,No,11,0,,
359,1,Laboratory Technician,4,Very High,2794,26062,No,20,0,,
361,2,Sales Executive,2,Medium,5249,19682,No,18,1,,
362,2,Laboratory Technician,2,Medium,2176,19737,No,13,0,,
363,4,Manager,1,Low,16872,14977,Yes,12,1,,
364,1,Laboratory Technician,3,High,3485,14935,No,11,0,,
366,2,Sales Executive,2,Medium,6644,3687,No,19,2,,
367,2,Healthcare Representative,2,Medium,5582,14408,No,21,1,,
369,2,Healthcare Representative,4,Very High,4000,18384,No,12,2,,
372,4,Healthcare Representative,3,High,13496,7501,Yes,14,0,,
373,1,Laboratory Technician,3,High,3210,20251,No,11,1,,
374,5,Manager,3,High,19045,18938,Yes,14,0,,
376,3,Manager,3,High,11849,10268,Yes,12,1,,
377,1,Research Scientist,3,High,2070,2613,No,23,1,,
378,2,Sales Executive,3,High,6502,22825,No,14,1,,
379,1,Research Scientist,2,Medium,3230,10531,No,17,0,,
380,3,Research Director,3,High,13603,11677,Yes,18,2,,
381,3,Manager,4,Very High,11996,19100,No,18,1,,
382,2,Sales Executive,4,Very High,5605,19191,Yes,24,1,,
384,2,Manufacturing Director,3,High,6397,26767,No,20,1,,
385,5,Research Director,3,High,19144,15815,No,14,2,,
386,4,Research Director,3,High,17584,21016,Yes,16,3,,
387,2,Sales Executive,3,High,4907,24532,No,25,0,,
388,2,Sales Executive,3,High,4554,20260,No,18,0,,
389,2,Laboratory Technician,3,High,5415,15972,Yes,19,1,,
390,2,Healthcare Representative,3,High,4741,22722,Yes,13,1,,
391,1,Research Scientist,3,High,2115,15881,No,12,0,,
392,1,Laboratory Technician,3,High,3161,19920,Yes,22,1,,
393,2,Healthcare Representative,3,High,5745,18899,No,14,1,,
394,1,Laboratory Technician,3,High,2373,14180,Yes,13,1,,
395,1,Research Scientist,3,High,3310,4488,No,21,0,,
396,5,Research Director,3,High,18665,25594,Yes,11,0,,
397,2,Research Scientist,3,High,4485,26285,No,12,0,,
399,1,Sales Representative,3,High,2789,3909,No,11,1,,
401,2,Sales Executive,2,Medium,5828,8450,Yes,12,0,,
403,1,Research Scientist,3,High,2326,11411,Yes,12,3,,
404,4,Sales Executive,3,High,13525,14864,No,14,1,,
405,1,Laboratory Technician,3,High,1420,25233,No,13,0,,
406,3,Sales Executive,3,High,8020,5100,No,15,2,,
407,1,Laboratory Technician,4,Very High,3688,7122,No,18,2,,
408,2,Manufacturing Director,1,Low,5482,16321,No,18,1,,
410,4,Manager,3,High,16015,15896,No,19,0,,
411,1,Sales Representative,2,Medium,1200,9724,No,12,0,,
412,2,Healthcare Representative,4,Very High,5661,4824,No,19,0,,
416,2,Sales Executive,4,Very High,6929,12241,No,11,1,,
417,3,Healthcare Representative,4,Very High,9613,10942,No,17,3,,
419,2,Laboratory Technician,3,High,5674,6927,No,15,1,,
420,2,Sales Executive,2,Medium,5484,16985,No,14,1,,
421,3,Research Director,2,Medium,12061,26707,No,17,1,,
422,2,Healthcare Representative,1,Low,5660,17056,Yes,13,1,,
423,1,Research Scientist,3,High,4821,10077,Yes,12,1,,
424,2,Human Resources,2,Medium,6410,17822,No,12,0,,
425,3,Laboratory Technician,3,High,5210,20308,No,18,1,,
426,1,Research Scientist,3,High,2695,7747,Yes,18,1,,
428,3,Manager,3,High,11878,23364,No,11,2,,
429,4,Manager,3,High,17068,5355,Yes,14,0,,
430,1,Laboratory Technician,3,High,2455,10675,No,19,0,,
431,4,Healthcare Representative,2,Medium,13964,17810,Yes,12,0,,
433,2,Research Scientist,2,Medium,4941,17747,No,15,0,,
434,1,Research Scientist,3,High,2478,20938,Yes,12,0,,
436,2,Sales Executive,2,Medium,5228,24624,Yes,11,0,,
437,2,Sales Executive,3,High,4478,5242,Yes,11,0,,
438,2,Sales Executive,3,High,7547,7143,No,12,3,,
439,2,Research Scientist,4,Very High,5055,10557,No,16,0,,
440,1,Research Scientist,1,Low,3464,24737,Yes,13,0,,
441,2,Research Scientist,3,High,5775,11934,No,13,2,,
442,3,Manufacturing Director,2,Medium,8943,14034,No,24,1,,
444,5,Manager,2,Medium,19272,21141,No,15,1,,
445,2,Sales Executive,3,High,5238,17778,Yes,18,0,,
446,2,Sales Executive,2,Medium,4682,4317,No,14,0,,
447,5,Research Director,3,High,18300,16375,No,11,1,,
448,2,Laboratory Technician,2,Medium,5257,6227,No,11,1,,
449,2,Sales Executive,3,High,6349,22107,Yes,13,1,,
450,2,Research Scientist,3,High,4869,16885,No,12,0,,
451,3,Healthcare Representative,3,High,9985,9262,No,16,1,,
452,2,Research Scientist,3,High,3697,9278,No,14,2,,
453,2,Sales Executive,1,Low,7457,13273,Yes,22,3,,
454,1,Laboratory Technician,1,Low,2119,4759,Yes,11,0,,
455,1,Laboratory Technician,2,Medium,3983,7621,No,17,0,,
456,2,Sales Executive,2,Medium,6118,5431,No,13,3,,
458,2,Sales Executive,3,High,6214,3415,No,18,1,,
460,2,Manufacturing Director,3,High,6347,23177,No,16,2,,
461,3,Research Director,2,Medium,11510,15682,Yes,14,1,,
462,3,Manufacturing Director,3,High,7143,25713,Yes,14,0,,
463,2,Sales Executive,2,Medium,8268,11866,Yes,14,2,,
464,3,Manufacturing Director,3,High,8095,18264,No,13,0,,
465,1,Research Scientist,3,High,2904,16092,No,12,2,,
466,2,Manufacturing Director,2,Medium,6032,10110,Yes,15,0,,
467,2,Sales Representative,3,High,2976,25751,No,19,0,,
468,4,Research Director,3,High,15992,15901,No,14,0,,
469,2,Sales Executive,3,High,4649,16928,No,14,1,,
470,1,Human Resources,3,High,2696,24017,Yes,11,1,,
471,1,Laboratory Technician,3,High,2370,3956,No,13,1,,
473,3,Manager,3,High,12504,23978,No,21,1,,
474,2,Research Scientist,4,Very High,5974,17001,Yes,13,2,,
475,2,Sales Executive,3,High,4736,6069,Yes,12,1,,
476,2,Sales Executive,3,High,5296,20156,No,17,1,,
477,2,Healthcare Representative,2,Medium,6781,17078,No,23,0,,
478,1,Sales Representative,2,Medium,2174,9150,Yes,11,0,,
479,2,Sales Executive,3,High,6653,15276,No,15,0,,
481,3,Sales Executive,2,Medium,9699,7246,No,11,1,,
482,2,Healthcare Representative,3,High,6755,2967,No,11,0,,
483,1,Laboratory Technician,4,Very High,2213,22495,Yes,13,1,,
484,1,Sales Representative,3,High,2610,2851,No,24,0,,
485,1,Sales Representative,3,High,2851,9150,Yes,13,0,,
486,1,Laboratory Technician,3,High,3452,17663,No,20,1,,
487,2,Manufacturing Director,3,High,5258,16044,No,14,0,,
488,2,Sales Executive,3,High,9355,9558,No,18,0,,
491,3,Healthcare Representative,2,Medium,10496,2755,No,15,0,,
492,2,Sales Executive,2,Medium,6380,6110,Yes,12,2,,
493,1,Research Scientist,2,Medium,2657,7551,Yes,16,0,,
494,1,Sales Representative,4,Very High,2716,25422,No,15,0,,
495,1,Research Scientist,3,High,2201,18168,No,16,0,,
496,2,Healthcare Representative,2,Medium,6540,19394,No,19,0,,
497,1,Laboratory Technician,3,High,3816,17881,No,11,1,,
498,2,Sales Executive,3,High,5253,20750,No,16,0,,
499,3,Healthcare Representative,2,Medium,10965,12066,No,24,0,,
500,2,Sales Executive,3,High,4936,14862,No,11,1,,
501,1,Research Scientist,3,High,2543,11868,No,13,1,,
502,2,Sales Executive,4,Very High,5304,4652,Yes,13,0,,
505,4,Manager,3,High,16659,23258,Yes,13,0,,
507,2,Sales Executive,3,High,4260,5915,Yes,12,1,,
508,1,Sales Representative,3,High,2476,17434,No,18,1,,
510,1,Research Scientist,3,High,3102,6582,No,22,0,,
511,1,Research Scientist,3,High,2244,24440,No,13,1,,
513,3,Sales Executive,2,Medium,7596,3809,No,13,2,,
514,1,Research Scientist,3,High,2285,3427,Yes,23,0,,
515,1,Laboratory Technician,3,High,3034,26914,No,12,1,,
516,2,Sales Executive,3,High,5715,22553,No,12,2,,
517,1,Laboratory Technician,3,High,2576,20490,No,16,1,,
518,2,Manufacturing Director,3,High,4197,21123,Yes,12,0,,
520,4,Research Director,2,Medium,14336,4345,No,11,1,,
521,2,Laboratory Technician,2,Medium,3448,13436,No,22,1,,
522,5,Research Director,3,High,19406,8509,No,11,1,,
523,2,Sales Executive,3,High,6538,12740,No,15,1,,
524,2,Manufacturing Director,3,High,4306,4156,No,12,1,,
525,1,Laboratory Technician,3,High,2258,15238,No,20,1,,
526,2,Healthcare Representative,3,High,4522,2227,Yes,14,0,,
527,2,Sales Executive,2,Medium,4487,12090,Yes,11,0,,
529,2,Research Scientist,3,High,4449,23866,Yes,15,2,,
530,1,Laboratory Technician,2,Medium,2218,16193,No,12,1,,
531,5,Manager,3,High,19197,8213,Yes,14,1,,
532,4,Sales Executive,4,Very High,13212,18256,No,11,3,,
533,2,Sales Executive,3,High,6577,19558,No,11,0,,
534,3,Sales Executive,4,Very High,8392,19566,No,16,1,,
536,2,Laboratory Technician,3,High,4558,13535,No,12,1,,
538,1,Laboratory Technician,3,High,4031,9396,No,13,1,,
543,3,Manufacturing Director,2,Medium,7969,19609,Yes,14,0,,
544,1,Research Scientist,3,High,2654,9655,No,21,2,,
546,4,Manager,3,High,16555,10310,No,13,0,,
547,2,Research Scientist,3,High,4556,12932,No,11,1,,
548,2,Manufacturing Director,1,Low,6091,24793,No,20,0,,
549,5,Manager,3,High,19566,3854,No,11,0,,
550,2,Manufacturing Director,3,High,4810,26314,No,14,1,,
551,2,Healthcare Representative,2,Medium,4523,4386,No,11,3,,
554,1,Sales Representative,3,High,3202,21972,Yes,16,0,,
555,1,Sales Representative,1,Low,2351,12253,No,16,1,,
556,1,Laboratory Technician,3,High,1702,12106,Yes,23,1,,
558,5,Manager,3,High,18041,13022,No,14,0,,
560,1,Research Scientist,3,High,2886,3032,No,22,2,,
562,1,Laboratory Technician,3,High,2097,16734,No,15,1,,
564,3,Research Director,2,Medium,11935,21526,No,18,0,,
565,1,Research Scientist,2,Medium,2546,18300,No,16,0,,
566,1,Human Resources,2,Medium,2564,18437,No,12,0,,
567,3,Sales Executive,3,High,8412,2890,No,11,0,,
568,4,Manager,2,Medium,14118,22102,No,12,1,,
569,4,Manager,2,Medium,17046,9314,No,15,1,,
571,1,Laboratory Technician,3,High,2564,7181,No,14,0,,
573,3,Sales Executive,2,Medium,10266,2845,No,19,0,,
574,2,Manufacturing Director,3,High,5070,7389,No,13,3,,
575,4,Research Director,3,High,17861,2288,No,13,0,,
577,1,Laboratory Technician,1,Low,4230,19225,No,15,0,,
578,2,Laboratory Technician,3,High,3780,23428,No,11,0,,
579,1,Research Scientist,2,Medium,2768,8416,No,12,1,,
580,3,Sales Executive,2,Medium,9071,11563,Yes,19,1,,
581,3,Manufacturing Director,3,High,10648,14394,No,25,1,,
582,3,Manager,3,High,13610,24619,Yes,12,0,,
584,1,Laboratory Technician,1,Low,3408,6705,No,13,3,,
585,1,Sales Representative,3,High,2983,18398,No,14,0,,
586,3,Healthcare Representative,3,High,7632,14295,Yes,12,0,,
587,3,Healthcare Representative,3,High,9824,22908,No,12,0,,
590,3,Human Resources,3,High,9950,11533,Yes,15,3,,
591,1,Laboratory Technician,3,High,2093,9260,No,17,1,,
592,3,Sales Executive,3,High,9980,15318,No,14,0,,
593,1,Laboratory Technician,2,Medium,3894,9129,No,16,0,,
595,2,Sales Executive,3,High,4051,19658,No,14,1,,
597,4,Manager,3,High,16835,9873,No,23,0,,
599,2,Sales Executive,3,High,6230,13430,No,14,0,,
600,2,Sales Executive,3,High,4717,18659,No,11,0,,
601,4,Manufacturing Director,3,High,13237,20364,No,15,0,,
602,1,Laboratory Technician,3,High,3755,17872,No,11,1,,
604,2,Sales Executive,3,High,6582,8346,Yes,13,0,,
605,3,Manufacturing Director,3,High,7406,6950,Yes,21,1,,
606,2,Sales Executive,3,High,4805,16177,No,19,1,,
608,1,Human Resources,3,High,2741,22808,Yes,11,1,,
611,2,Manufacturing Director,3,High,4262,22645,No,12,2,,
612,4,Research Director,4,Very High,16184,22578,No,19,1,,
613,3,Manager,2,Medium,11557,25291,No,21,1,,
614,1,Sales Representative,3,High,1878,8059,Yes,14,0,,
615,3,Sales Executive,1,Low,10932,11373,No,15,1,,
616,2,Healthcare Representative,2,Medium,6811,2112,Yes,17,0,,
618,2,Sales Executive,3,High,4306,4267,No,12,2,,
620,2,Sales Executive,3,High,4859,6698,No,16,0,,
621,2,Sales Executive,4,Very High,5337,19921,No,12,0,,
622,1,Laboratory Technician,1,Low,2340,23213,Yes,18,0,,
623,3,Manufacturing Director,3,High,7491,23848,No,17,0,,
624,3,Healthcare Representative,3,High,10527,8984,No,11,0,,
625,4,Manager,3,High,16595,5626,No,16,1,,
626,3,Sales Executive,3,High,8834,24666,No,13,1,,
630,2,Research Scientist,3,High,5577,22087,Yes,12,2,,
631,2,Sales Executive,4,Very High,4707,23914,No,12,0,,
632,1,Sales Representative,3,High,2400,5530,No,13,2,,
634,2,Healthcare Representative,3,High,9824,22174,No,19,1,,
635,2,Manufacturing Director,3,High,6447,15701,No,12,1,,
638,5,Research Director,2,Medium,19502,2125,Yes,17,1,,
639,1,Research Scientist,4,Very High,2725,21630,Yes,11,2,,
641,2,Sales Executive,3,High,6272,7428,No,20,2,,
643,1,Laboratory Technician,2,Medium,2127,9100,No,21,1,,
644,5,Manager,3,High,18200,7999,No,11,1,,
645,1,Sales Representative,3,High,2096,26376,No,11,0,,
647,1,Laboratory Technician,3,High,2886,14168,Yes,16,1,,
648,1,Sales Representative,2,Medium,2033,14470,No,18,1,,
649,1,Research Scientist,2,Medium,3622,22794,Yes,13,1,,
650,2,Sales Executive,3,High,4233,11512,No,17,0,,
652,2,Laboratory Technician,2,Medium,3681,14004,No,14,0,,
653,2,Sales Executive,4,Very High,5460,6219,No,22,2,,
655,1,Research Scientist,2,Medium,2187,5013,No,12,2,,
656,2,Sales Executive,3,High,9602,3010,Yes,11,1,,
657,1,Research Scientist,2,Medium,2836,11757,No,13,0,,
659,2,Healthcare Representative,3,High,4089,5718,No,13,2,,
661,4,Research Director,2,Medium,16627,2671,Yes,14,1,,
662,1,Research Scientist,3,High,2619,14561,No,17,0,,
663,2,Laboratory Technician,3,High,5679,19627,Yes,13,1,,
664,4,Manager,2,Medium,15402,17997,No,11,1,,
665,2,Human Resources,2,Medium,5985,26894,No,11,0,,
666,1,Sales Representative,3,High,2579,2912,Yes,18,2,,
667,1,Sales Representative,3,High,3041,16346,No,11,1,,
669,1,Sales Representative,3,High,3447,24444,No,11,0,,
671,5,Manager,3,High,19513,9358,Yes,12,1,,
675,1,Research Scientist,3,High,2773,12145,No,20,0,,
677,2,Sales Executive,3,High,7104,20431,No,12,0,,
679,2,Research Scientist,3,High,6322,18089,Yes,12,1,,
680,1,Research Scientist,3,High,2083,22653,No,20,1,,
682,2,Sales Executive,3,High,8381,7507,No,20,0,,
683,1,Research Scientist,3,High,2691,7660,No,12,1,,
684,2,Sales Executive,3,High,4286,5630,No,14,2,,
686,1,Laboratory Technician,3,High,2659,17759,Yes,13,1,,
689,3,Manufacturing Director,3,High,9434,9606,No,15,1,,
690,2,Sales Executive,3,High,5561,3487,No,14,1,,
691,2,Research Scientist,1,Low,6646,19368,No,13,0,,
692,2,Healthcare Representative,3,High,7725,5335,No,23,1,,
698,3,Human Resources,3,High,10725,6729,No,15,1,,
699,2,Manufacturing Director,2,Medium,8847,13934,Yes,11,1,,
700,1,Research Scientist,2,Medium,2045,15174,No,13,0,,
701,1,Research Scientist,3,High,1009,26999,Yes,11,0,,
702,1,Research Scientist,3,High,3348,3164,Yes,11,0,,
704,1,Laboratory Technician,2,Medium,1281,16900,No,18,2,,
705,1,Research Scientist,4,Very High,2819,8544,No,16,1,,
707,2,Sales Executive,4,Very High,4851,15678,No,22,1,,
709,2,Sales Executive,2,Medium,4028,7791,No,20,0,,
710,1,Research Scientist,1,Low,2720,18959,No,18,1,,
712,2,Sales Executive,4,Very High,8120,18597,No,12,0,,
714,2,Sales Executive,4,Very High,4647,16673,Yes,20,2,,
715,1,Research Scientist,4,Very High,4680,15232,No,17,0,,
716,1,Laboratory Technician,4,Very High,3221,3297,Yes,11,3,,
717,3,Healthcare Representative,2,Medium,8621,17654,No,14,0,,
720,2,Sales Executive,3,High,4577,24785,No,14,0,,
721,2,Healthcare Representative,2,Medium,4553,20978,No,11,0,,
722,2,Sales Executive,3,High,5396,21703,No,12,0,,
723,2,Sales Executive,3,High,6796,23452,Yes,14,1,,
724,2,Healthcare Representative,4,Very High,7625,19383,No,13,0,,
725,3,Manufacturing Director,3,High,7412,6009,No,11,0,,
727,3,Research Director,3,High,11159,19373,No,15,0,,
728,2,Sales Executive,3,High,4960,11825,No,12,0,,
729,3,Sales Executive,2,Medium,10475,23772,Yes,21,1,,
730,4,Research Director,4,Very High,14814,13514,No,19,0,,
731,5,Manager,2,Medium,19141,8861,No,15,3,,
732,2,Sales Executive,3,High,5405,11924,No,14,0,,
733,3,Manufacturing Director,3,High,8793,4809,No,21,2,,
734,5,Manager,2,Medium,19189,19562,No,12,1,,
738,1,Sales Representative,3,High,3875,9983,No,15,1,,
741,1,Research Scientist,1,Low,2216,3872,Yes,13,0,,
742,3,Research Director,4,Very High,11713,20335,No,14,1,,
743,3,Manufacturing Director,3,High,7861,15397,Yes,14,0,,
744,1,Laboratory Technician,1,Low,3708,2104,No,14,0,,
746,4,Sales Executive,3,High,13770,10225,Yes,12,2,,
747,2,Sales Executive,3,High,5304,25275,No,23,1,,
749,1,Sales Representative,3,High,2642,2755,No,11,0,,
752,1,Research Scientist,4,Very High,2759,20366,Yes,12,0,,
754,2,Sales Executive,2,Medium,6804,23683,No,18,1,,
757,2,Healthcare Representative,3,High,6142,7360,No,11,0,,
758,1,Laboratory Technician,3,High,2500,4344,No,14,1,,
760,2,Human Resources,4,Very High,6389,18767,No,15,1,,
762,4,Healthcare Representative,3,High,11103,20420,No,11,0,,
763,1,Research Scientist,2,Medium,2342,22929,Yes,20,0,,
764,2,Healthcare Representative,2,Medium,6811,23398,No,19,0,,
766,1,Sales Representative,3,High,2297,17967,No,14,2,,
769,2,Laboratory Technician,3,High,2450,10919,No,17,0,,
771,2,Healthcare Representative,3,High,5093,4761,No,11,1,,
772,2,Laboratory Technician,3,High,5309,21146,No,15,2,,
773,1,Research Scientist,3,High,3057,20471,Yes,13,1,,
775,2,Manufacturing Director,3,High,5121,4187,No,14,1,,
776,4,Manager,2,Medium,16856,10084,No,11,0,,
780,1,Research Scientist,3,High,2686,5207,Yes,13,0,,
781,2,Sales Executive,3,High,6180,22807,No,23,0,,
783,2,Sales Representative,1,Low,6632,12388,No,13,0,,
784,1,Research Scientist,4,Very High,3505,19630,No,18,0,,
785,2,Sales Executive,4,Very High,6397,10339,Yes,12,0,,
786,2,Sales Executive,3,High,6274,18686,No,22,0,,
787,5,Manager,3,High,19859,21199,Yes,13,1,,
789,3,Sales Executive,2,Medium,7587,14229,No,15,0,,
791,1,Research Scientist,3,High,4258,26589,No,18,1,,
792,1,Laboratory Technician,1,Low,4364,5288,No,14,1,,
793,2,Healthcare Representative,3,High,4335,25549,No,12,1,,
796,2,Sales Executive,2,Medium,5326,3064,No,17,0,,
797,1,Research Scientist,4,Very High,3280,13551,No,16,0,,
799,2,Manufacturing Director,3,High,5485,22670,Yes,11,2,,
800,2,Sales Executive,3,High,4342,24008,No,19,1,,
802,1,Research Scientist,3,High,2782,19905,Yes,13,2,,
803,2,Manufacturing Director,4,Very High,5980,26085,Yes,12,0,,
804,1,Research Scientist,2,Medium,4381,7530,No,11,0,,
805,1,Sales Representative,3,High,2572,20317,No,16,1,,
806,1,Laboratory Technician,1,Low,3833,24375,No,21,2,,
807,2,Healthcare Representative,4,Very High,4244,9931,No,24,1,,
808,2,Sales Executive,3,High,6500,13305,No,17,1,,
809,5,Manager,3,High,18430,16225,No,13,1,,
811,1,Laboratory Technician,4,Very High,1601,3445,Yes,21,2,,
812,1,Laboratory Technician,2,Medium,2694,26551,No,11,3,,
813,2,Laboratory Technician,3,High,3149,21821,No,20,1,,
815,4,Research Director,3,High,17639,6881,No,16,0,,
816,1,Laboratory Technician,2,Medium,2319,6689,Yes,11,1,,
817,3,Research Director,3,High,11691,25995,No,11,0,,
819,2,Sales Executive,3,High,5324,26507,No,15,0,,
820,4,Manager,3,High,16752,12982,Yes,11,1,,
823,2,Manufacturing Director,3,High,5228,23361,No,15,1,,
824,1,Research Scientist,4,Very High,2700,23779,No,24,1,,
825,5,Research Director,3,High,19246,25761,Yes,12,0,,
826,1,Research Scientist,4,Very High,2506,13301,No,13,0,,
827,2,Manufacturing Director,2,Medium,6062,4051,Yes,13,1,,
828,1,Research Scientist,3,High,4382,16374,No,17,0,,
829,1,Human Resources,3,High,2143,25527,No,13,1,,
830,2,Manufacturing Director,2,Medium,6162,19124,No,12,1,,
832,2,Laboratory Technician,2,Medium,5094,11983,No,14,0,,
833,2,Manufacturing Director,2,Medium,6877,20234,Yes,24,0,,
834,1,Research Scientist,2,Medium,2274,6153,No,14,0,,
836,2,Manufacturing Director,3,High,4434,11806,No,13,1,,
837,2,Healthcare Representative,2,Medium,6288,4284,No,15,1,,
838,1,Research Scientist,2,Medium,2553,8306,No,16,0,,
840,3,Sales Executive,3,High,7654,5860,No,18,2,,
842,2,Sales Executive,3,High,5160,21519,No,16,0,,
843,4,Research Director,3,High,17159,5200,No,24,1,,
844,3,Research Director,2,Medium,12808,8842,Yes,16,1,,
845,3,Manufacturing Director,3,High,10221,18869,No,21,0,,
846,2,Sales Executive,3,High,4779,3698,Yes,20,0,,
847,1,Human Resources,3,High,3737,2243,No,19,1,,
848,1,Research Scientist,2,Medium,2366,20898,Yes,14,1,,
850,1,Research Scientist,3,High,1706,16571,No,11,3,,
851,4,Manager,3,High,16307,5594,No,14,1,,
852,2,Healthcare Representative,3,High,5933,5197,No,12,0,,
854,1,Research Scientist,4,Very High,3424,21632,No,13,0,,
855,2,Sales Executive,4,Very High,4037,21816,No,22,1,,
856,1,Research Scientist,2,Medium,2559,17852,No,11,0,,
857,2,Sales Executive,3,High,6201,2823,Yes,14,1,,
859,2,Sales Executive,3,High,4403,9250,No,11,1,,
861,1,Research Scientist,2,Medium,3761,2373,No,12,1,,
862,3,Sales Executive,2,Medium,10934,20715,Yes,18,1,,
864,3,Sales Executive,3,High,10761,19239,Yes,12,1,,
865,2,Research Scientist,4,Very High,5175,22162,No,12,1,,
867,4,Manufacturing Director,2,Medium,13826,19028,No,22,0,,
868,2,Sales Executive,2,Medium,6334,24558,No,19,2,,
869,1,Human Resources,2,Medium,4936,23965,No,13,1,,
872,2,Manufacturing Director,2,Medium,4775,19146,No,22,2,,
874,1,Laboratory Technician,4,Very High,2818,5044,Yes,24,1,,
875,1,Research Scientist,3,High,2515,9068,Yes,14,0,,
878,1,Human Resources,2,Medium,2342,8635,No,21,0,,
879,2,Sales Executive,3,High,4194,14363,Yes,18,0,,
880,3,Manufacturing Director,2,Medium,10685,23457,Yes,20,1,,
881,1,Research Scientist,3,High,2022,16612,Yes,19,1,,
882,1,Laboratory Technician,3,High,2314,9148,No,12,1,,
885,2,Sales Executive,2,Medium,4256,18154,No,12,0,,
887,1,Research Scientist,3,High,3580,10554,No,16,1,,
888,1,Laboratory Technician,2,Medium,3162,10778,No,17,0,,
889,2,Sales Executive,3,High,6524,8891,No,14,1,,
893,1,Sales Representative,2,Medium,2899,12102,No,19,1,,
894,2,Laboratory Technician,4,Very High,5231,23726,Yes,13,1,,
895,1,Research Scientist,3,High,2356,14871,Yes,19,1,,
896,1,Sales Representative,2,Medium,2800,23522,Yes,19,3,,
897,4,Sales Executive,3,High,11836,22789,No,14,1,,
899,3,Manufacturing Director,2,Medium,10903,9129,No,16,0,,
900,1,Sales Representative,3,High,2973,21222,No,15,1,,
901,4,Research Director,3,High,14275,20206,No,18,0,,
902,2,Healthcare Representative,3,High,5562,21782,No,13,1,,
903,2,Sales Executive,3,High,4537,17783,Yes,22,1,,
904,3,Sales Executive,3,High,7642,4814,Yes,13,0,,
905,4,Manager,3,High,17924,4544,No,11,1,,
909,2,Human Resources,2,Medium,5204,7790,No,11,2,,
910,1,Human Resources,3,High,2277,22650,Yes,11,1,,
911,1,Laboratory Technician,3,High,2795,18016,Yes,24,0,,
912,1,Laboratory Technician,2,Medium,2532,6054,No,14,3,,
913,1,Research Scientist,3,High,2559,7508,Yes,13,0,,
916,2,Sales Executive,3,High,4908,24252,No,14,0,,
918,1,Laboratory Technician,2,Medium,2380,13384,Yes,14,1,,
920,2,Manufacturing Director,3,High,4765,23814,No,21,1,,
922,1,Sales Representative,2,Medium,2044,22052,No,13,0,,
923,1,Research Scientist,3,High,2693,8870,No,19,0,,
924,2,Healthcare Representative,3,High,6586,4821,Yes,17,1,,
925,1,Sales Representative,2,Medium,3294,13137,Yes,18,0,,
926,2,Manufacturing Director,3,High,4171,10022,Yes,19,1,,
927,1,Laboratory Technician,1,Low,2778,17725,Yes,13,1,,
930,1,Research Scientist,3,High,2377,9834,No,18,1,,
932,1,Laboratory Technician,3,High,2404,4303,Yes,21,0,,
933,1,Research Scientist,3,High,2318,17808,No,19,0,,
934,1,Laboratory Technician,3,High,2008,6896,No,14,2,,
936,2,Sales Executive,2,Medium,6244,7824,No,17,0,,
939,1,Research Scientist,2,Medium,2799,3339,Yes,11,0,,
940,3,Healthcare Representative,2,Medium,10552,9255,Yes,13,1,,
941,1,Sales Representative,2,Medium,2329,11737,No,15,0,,
942,2,Healthcare Representative,3,High,4014,19170,Yes,25,1,,
944,3,Laboratory Technician,3,High,7403,22477,No,11,1,,
945,1,Research Scientist,3,High,2259,5543,No,17,2,,
947,2,Sales Executive,3,High,6932,24406,No,13,1,,
949,1,Research Scientist,3,High,4678,23293,No,18,0,,
950,3,Research Director,3,High,13582,16292,No,13,1,,
951,1,Laboratory Technician,2,Medium,2332,3974,No,20,0,,
952,1,Sales Representative,2,Medium,2413,18798,Yes,18,3,,
954,3,Sales Executive,2,Medium,9705,20652,No,12,1,,
956,2,Sales Executive,2,Medium,4294,11148,No,12,0,,
957,1,Laboratory Technician,3,High,4721,3119,Yes,13,0,,
958,1,Laboratory Technician,3,High,2519,12287,No,21,0,,
959,1,Sales Representative,2,Medium,2121,9947,Yes,13,0,,
960,1,Laboratory Technician,3,High,2973,13008,No,19,0,,
961,2,Healthcare Representative,3,High,5855,17369,Yes,11,2,,
964,1,Research Scientist,3,High,3617,25063,Yes,14,1,,
966,2,Manufacturing Director,3,High,6725,13554,No,12,1,,
967,3,Sales Executive,2,Medium,10325,5518,Yes,11,1,,
969,2,Healthcare Representative,2,Medium,6949,12291,No,14,0,,
970,3,Sales Executive,2,Medium,10609,14922,No,11,0,,
972,2,Laboratory Technician,3,High,4447,23163,No,12,0,,
974,1,Sales Representative,3,High,2157,18203,No,15,1,,
975,2,Sales Executive,3,High,4601,6179,No,16,0,,
976,4,Manager,3,High,17099,13829,No,15,1,,
977,1,Research Scientist,3,High,2479,26227,No,24,0,,
981,4,Manager,3,High,14852,13938,No,13,1,,
982,3,Sales Executive,3,High,7264,9977,No,11,1,,
983,2,Sales Executive,3,High,5666,19899,Yes,13,0,,
984,3,Sales Executive,3,High,7823,6812,No,13,1,,
985,3,Sales Executive,4,Very High,7880,2560,No,18,0,,
986,4,Sales Executive,4,Very High,13194,17071,Yes,16,0,,
987,2,Manufacturing Director,4,Very High,5067,6759,Yes,19,0,,
990,2,Sales Executive,3,High,5079,25952,No,13,2,,
991,1,Research Scientist,2,Medium,2321,10322,Yes,22,0,,
992,4,Manager,3,High,17444,20489,No,11,0,,
994,1,Research Scientist,2,Medium,2404,11479,Yes,20,0,,
995,1,Research Scientist,3,High,3452,17241,No,18,0,,
996,1,Laboratory Technician,3,High,2270,11005,No,14,2,,
997,4,Research Director,3,High,17399,6615,No,22,1,,
998,2,Healthcare Representative,4,Very High,5488,20161,Yes,13,1,,
999,5,Research Director,3,High,19419,3735,No,17,1,,
1001,1,Laboratory Technician,3,High,2811,12086,No,14,1,,
1002,2,Laboratory Technician,3,High,3633,14039,Yes,15,1,,
1003,2,Sales Executive,3,High,4163,8571,Yes,17,0,,
1004,1,Research Scientist,3,High,2132,11539,Yes,11,0,,
1005,4,Manufacturing Director,3,High,13973,4161,Yes,18,1,,
1006,1,Research Scientist,3,High,2684,12127,No,17,1,,
1007,3,Manufacturing Director,3,High,10845,24208,No,13,1,,
1009,2,Manufacturing Director,2,Medium,4377,24117,No,15,2,,
1010,1,Laboratory Technician,2,Medium,3743,10074,Yes,24,1,,
1011,2,Manufacturing Director,3,High,4148,11275,No,12,1,,
1012,1,Research Scientist,3,High,1051,13493,No,15,0,,
1013,3,Manufacturing Director,3,High,10739,13943,No,11,1,,
1014,3,Healthcare Representative,3,High,10388,6975,Yes,11,1,,
1015,3,Research Director,4,Very High,11416,17802,Yes,12,3,,
1016,1,Research Scientist,2,Medium,2600,18275,Yes,15,0,,
1017,1,Laboratory Technician,3,High,2422,25725,No,17,0,,
1018,2,Manufacturing Director,4,Very High,5472,3334,No,12,0,,
1019,1,Laboratory Technician,1,Low,2451,6881,No,15,1,,
1022,2,Healthcare Representative,2,Medium,4240,13119,No,13,0,,
1024,3,Healthcare Representative,2,Medium,10999,22245,No,14,0,,
1025,2,Manufacturing Director,3,High,5003,23371,No,14,0,,
1026,4,Manufacturing Director,2,Medium,12742,7060,No,16,1,,
1027,2,Manufacturing Director,3,High,4227,4658,No,18,1,,
1028,1,Laboratory Technician,3,High,3917,9541,No,20,1,,
1029,5,Manager,3,High,18303,7770,No,13,0,,
1030,1,Laboratory Technician,3,High,2380,20165,No,18,0,,
1032,4,Manufacturing Director,2,Medium,13726,21829,Yes,13,0,,
1033,2,Healthcare Representative,1,Low,4777,14382,No,15,0,,
1034,2,Healthcare Representative,3,High,6385,12992,Yes,14,2,,
1035,5,Research Director,1,Low,19973,20284,No,22,2,,
1036,2,Sales Executive,3,High,6861,4981,Yes,12,0,,
1037,2,Sales Executive,1,Low,4969,21813,No,18,0,,
1038,5,Manager,1,Low,19845,25846,No,15,1,,
1039,4,Sales Executive,4,Very High,13320,11737,Yes,18,1,,
1040,2,Sales Executive,3,High,6347,24920,No,12,1,,
1042,1,Laboratory Technician,4,Very High,2743,8269,No,16,0,,
1043,3,Manufacturing Director,3,High,10880,5083,Yes,13,0,,
1044,1,Sales Representative,2,Medium,2342,21437,No,19,0,,
1045,4,Manager,3,High,17650,5404,No,13,1,,
1046,1,Laboratory Technician,3,High,4025,11135,No,12,0,,
1047,2,Sales Executive,4,Very High,9725,12278,No,11,1,,
1048,3,Manager,3,High,11904,11038,Yes,14,1,,
1049,1,Human Resources,3,High,2177,8318,No,16,0,,
1050,3,Sales Executive,2,Medium,7525,23537,No,12,1,,
1052,2,Laboratory Technician,3,High,4834,7858,No,14,1,,
1053,1,Research Scientist,3,High,2042,15346,Yes,14,1,,
1055,1,Sales Representative,3,High,2220,18410,Yes,19,1,,
1056,1,Sales Representative,3,High,1052,23384,No,22,0,,
1060,1,Research Scientist,3,High,2821,2997,No,16,1,,
1061,5,Research Director,3,High,19237,12853,Yes,11,1,,
1062,2,Healthcare Representative,3,High,4107,13848,No,15,0,,
1066,2,Sales Executive,3,High,8396,22217,No,14,1,,
1068,1,Research Scientist,2,Medium,2007,25265,No,13,2,,
1069,5,Research Director,3,High,19627,21445,No,17,2,,
1070,3,Sales Executive,2,Medium,10686,8392,No,11,1,,
1071,1,Research Scientist,3,High,2942,12154,No,19,1,,
1073,3,Manufacturing Director,2,Medium,8858,15669,No,11,0,,
1074,4,Manager,2,Medium,16756,17323,No,15,0,,
1076,3,Sales Executive,2,Medium,10798,5268,No,13,1,,
1077,1,Sales Representative,3,High,2323,17205,Yes,14,0,,
1079,1,Laboratory Technician,2,Medium,1416,17258,No,13,0,,
1080,2,Research Scientist,2,Medium,4615,21029,Yes,23,3,,
1081,1,Research Scientist,3,High,2461,10332,Yes,12,3,,
1082,3,Healthcare Representative,2,Medium,8722,12355,No,12,0,,
1083,1,Laboratory Technician,2,Medium,3955,11141,No,16,2,,
1084,2,Manufacturing Director,3,High,9957,9096,No,15,1,,
1085,1,Research Scientist,4,Very High,3376,18863,No,13,0,,
1088,3,Healthcare Representative,2,Medium,8823,24608,No,18,1,,
1092,3,Healthcare Representative,3,High,10322,26542,No,20,1,,
1094,1,Laboratory Technician,1,Low,4621,5869,No,19,3,,
1096,3,Manufacturing Director,3,High,10976,15813,No,18,1,,
1097,2,Research Scientist,3,High,3660,7909,No,13,0,,
1098,3,Human Resources,2,Medium,10482,2326,No,14,1,,
1099,3,Healthcare Representative,2,Medium,7119,21214,No,15,1,,
1100,3,Sales Executive,3,High,9582,10333,Yes,22,0,,
1101,2,Research Scientist,2,Medium,4508,3129,No,22,0,,
1102,1,Laboratory Technician,3,High,2207,22482,No,16,1,,
1103,2,Healthcare Representative,3,High,7756,22266,No,17,0,,
1105,2,Sales Executive,2,Medium,6694,24223,Yes,14,3,,
1106,1,Laboratory Technician,3,High,3691,4605,Yes,15,1,,
1107,1,Laboratory Technician,3,High,2377,19373,No,20,1,,
1108,1,Research Scientist,2,Medium,2313,2993,Yes,20,0,,
1109,4,Manager,3,High,17665,14399,No,17,1,,
1111,1,Laboratory Technician,2,Medium,2596,7160,No,15,2,,
1113,2,Sales Executive,3,High,4728,17251,Yes,14,0,,
1114,2,Sales Executive,3,High,4302,13401,No,17,1,,
1115,1,Research Scientist,2,Medium,2979,22478,No,17,3,,
1116,4,Manager,4,Very High,16885,16154,No,22,0,,
1117,2,Sales Executive,2,Medium,5593,17970,No,13,1,,
1118,3,Healthcare Representative,3,High,10445,15322,No,19,0,,
1119,3,Sales Executive,2,Medium,8740,5569,Yes,14,2,,
1120,1,Research Scientist,3,High,2514,26968,No,22,1,,
1121,3,Manufacturing Director,3,High,7655,8039,No,17,3,,
1124,4,Manager,3,High,17465,15596,No,12,1,,
1125,3,Sales Executive,3,High,7351,20619,No,16,0,,
1126,3,Manufacturing Director,3,High,10820,11535,No,11,1,,
1127,4,Healthcare Representative,3,High,12169,13547,No,11,3,,
1128,5,Research Director,2,Medium,19626,17544,No,14,0,,
1131,1,Research Scientist,2,Medium,2070,25326,Yes,11,0,,
1132,2,Laboratory Technician,3,High,6782,8770,No,15,0,,
1133,2,Manufacturing Director,3,High,7779,23238,No,20,0,,
1135,1,Sales Representative,4,Very High,2791,21981,No,12,1,,
1136,1,Research Scientist,2,Medium,3201,19911,No,17,0,,
1137,2,Sales Executive,3,High,4968,18500,No,11,1,,
1138,4,Sales Executive,2,Medium,13120,11879,No,17,1,,
1140,2,Manufacturing Director,3,High,4033,15834,No,11,0,,
1143,1,Research Scientist,3,High,3291,17940,No,14,2,,
1148,2,Laboratory Technician,1,Low,4272,9558,No,19,0,,
1150,2,Manufacturing Director,2,Medium,5056,17689,Yes,15,1,,
1152,1,Human Resources,4,Very High,2844,6004,No,13,1,,
1154,1,Research Scientist,2,Medium,2703,22088,Yes,14,1,,
1156,1,Laboratory Technician,3,High,1904,13556,No,12,0,,
1157,2,Sales Executive,3,High,8224,18385,Yes,17,0,,
1158,1,Laboratory Technician,3,High,4766,9051,Yes,11,1,,
1160,1,Laboratory Technician,3,High,2610,6233,No,12,1,,
1161,2,Healthcare Representative,2,Medium,5731,17171,No,13,2,,
1162,1,Research Scientist,2,Medium,2539,7950,No,13,1,,
1163,2,Sales Executive,3,High,5714,5829,No,20,0,,
1164,1,Human Resources,3,High,4323,7108,No,17,0,,
1165,3,Sales Executive,2,Medium,7336,11162,No,13,1,,
1166,3,Research Director,3,High,13499,13782,No,17,0,,
1167,4,Sales Executive,3,High,13758,2447,Yes,12,0,,
1171,2,Sales Executive,3,High,5155,2253,No,13,0,,
1172,1,Laboratory Technician,2,Medium,2258,16340,No,12,1,,
1173,1,Laboratory Technician,3,High,3597,6409,No,22,0,,
1175,1,Laboratory Technician,3,High,2515,22955,Yes,11,0,,
1177,1,Laboratory Technician,4,Very High,4420,13421,No,22,1,,
1179,2,Sales Executive,2,Medium,6578,2706,No,18,1,,
1180,2,Research Scientist,2,Medium,4422,21203,Yes,13,1,,
1182,3,Manufacturing Director,2,Medium,10274,19588,No,18,1,,
1184,2,Healthcare Representative,2,Medium,5343,25755,No,20,0,,
1185,1,Laboratory Technician,2,Medium,2376,26537,No,13,1,,
1188,2,Sales Executive,1,Low,5346,9489,No,13,0,,
1190,1,Sales Representative,3,High,2827,14947,No,12,3,,
1191,5,Manager,3,High,19943,18575,No,13,1,,
1192,1,Laboratory Technician,3,High,3131,26342,No,13,1,,
1193,1,Research Scientist,3,High,2552,7172,No,25,0,,
1195,1,Research Scientist,3,High,4477,20100,Yes,19,1,,
1196,2,Manufacturing Director,2,Medium,6474,9961,No,13,1,,
1198,1,Laboratory Technician,2,Medium,3033,12828,No,12,0,,
1200,1,Research Scientist,3,High,2936,10826,Yes,11,0,,
1201,5,Manager,3,High,18606,18640,No,18,1,,
1202,1,Research Scientist,1,Low,2168,26933,Yes,18,1,,
1203,1,Research Scientist,2,Medium,2853,4223,Yes,11,1,,
1204,4,Manager,3,High,17048,24097,No,23,0,,
1206,1,Research Scientist,1,Low,2290,4279,No,13,0,,
1207,1,Human Resources,3,High,3600,8429,No,13,1,,
1210,1,Research Scientist,2,Medium,2107,20293,No,17,1,,
1211,2,Sales Executive,3,High,4115,13192,No,19,3,,
1212,2,Sales Executive,3,High,4327,25440,No,12,3,,
1215,4,Manager,3,High,17856,9490,No,22,1,,
1216,1,Laboratory Technician,2,Medium,3196,12449,No,12,3,,
1217,5,Research Director,3,High,19081,10849,No,11,1,,
1218,2,Sales Executive,3,High,8966,21026,Yes,15,3,,
1219,1,Laboratory Technician,3,High,2210,3372,No,13,1,,
1220,2,Sales Executive,3,High,4539,4905,No,12,1,,
1221,1,Laboratory Technician,1,Low,2741,6865,No,14,1,,
1224,2,Laboratory Technician,3,High,3491,11309,No,13,3,,
1225,2,Research Scientist,3,High,4541,7744,No,25,0,,
1226,1,Sales Representative,4,Very High,2678,5050,No,17,0,,
1228,2,Manufacturing Director,3,High,7379,17433,No,11,1,,
1231,2,Human Resources,4,Very High,6272,12858,No,16,1,,
1233,2,Sales Executive,4,Very High,5220,10893,Yes,18,1,,
1234,1,Laboratory Technician,2,Medium,2743,7331,No,20,1,,
1235,2,Research Scientist,3,High,4998,2338,Yes,14,0,,
1237,3,Manufacturing Director,1,Low,10252,4235,Yes,21,1,,
1238,1,Research Scientist,3,High,2781,6311,No,13,1,,
1239,2,Sales Executive,2,Medium,6852,11591,No,12,1,,
1240,2,Sales Executive,3,High,4950,20623,No,14,0,,
1241,1,Research Scientist,3,High,3579,9369,Yes,21,1,,
1242,3,Research Director,3,High,13191,23281,Yes,17,0,,
1243,3,Sales Executive,2,Medium,10377,13755,Yes,11,1,,
1244,1,Research Scientist,3,High,2235,14377,Yes,14,2,,
1245,3,Manufacturing Director,3,High,10502,9659,No,17,1,,
1246,1,Research Scientist,4,Very High,2011,19982,No,13,1,,
1248,1,Research Scientist,2,Medium,1859,6148,Yes,25,0,,
1249,1,Research Scientist,3,High,3760,5598,No,15,3,,
1250,4,Research Director,3,High,17779,23474,No,14,0,,
1251,2,Healthcare Representative,3,High,6833,17089,Yes,12,0,,
1252,2,Healthcare Representative,2,Medium,6812,17198,No,19,0,,
1254,2,Sales Executive,2,Medium,5171,16490,No,17,0,,
1255,5,Research Director,1,Low,19740,18625,No,14,1,,
1256,5,Manager,2,Medium,18711,12124,No,13,1,,
1257,1,Research Scientist,3,High,3692,9256,No,12,0,,
1258,1,Laboratory Technician,4,Very High,2559,16620,No,11,0,,
1259,1,Research Scientist,3,High,2517,3208,No,11,3,,
1260,2,Healthcare Representative,3,High,6623,4204,Yes,11,2,,
1263,5,Research Director,2,Medium,18265,8733,No,12,0,,
1264,4,Research Director,2,Medium,16124,3423,No,14,2,,
1265,1,Research Scientist,4,Very High,2585,21643,No,17,0,,
1267,5,Manager,3,High,18213,8751,No,11,1,,
1268,3,Sales Executive,4,Very High,8380,21708,Yes,14,2,,
1269,1,Research Scientist,4,Very High,2994,21221,Yes,12,0,,
1270,1,Research Scientist,3,High,1223,16901,No,22,1,,
1273,1,Sales Representative,1,Low,1118,8040,Yes,14,0,,
1275,1,Research Scientist,3,High,2875,9973,Yes,20,0,,
1277,5,Manager,1,Low,18824,2493,Yes,16,0,,
1278,4,Healthcare Representative,2,Medium,13577,25592,Yes,15,1,,
1279,1,Laboratory Technician,2,Medium,2625,25308,No,20,0,,
1280,5,Manager,2,Medium,18789,9946,No,14,1,,
1281,2,Sales Executive,3,High,4538,6039,Yes,12,0,,
1282,5,Manager,3,High,19847,19196,Yes,24,1,,
1283,3,Manufacturing Director,3,High,10512,20002,No,12,0,,
1285,2,Laboratory Technician,3,High,4444,22534,No,13,2,,
1286,1,Laboratory Technician,3,High,2154,6842,Yes,11,0,,
1288,5,Manager,4,Very High,19190,17477,No,14,2,,
1289,2,Human Resources,2,Medium,4490,21833,No,11,2,,
1291,1,Research Scientist,3,High,3506,6020,Yes,14,0,,
1292,2,Research Scientist,4,Very High,2372,5628,Yes,16,0,,
1293,3,Sales Executive,2,Medium,10231,20364,No,14,0,,
1294,2,Manufacturing Director,3,High,5410,2323,Yes,11,0,,
1295,3,Healthcare Representative,3,High,7978,14075,No,11,1,,
1296,1,Laboratory Technician,2,Medium,3867,14222,Yes,12,1,,
1297,1,Laboratory Technician,2,Medium,2838,4257,No,14,0,,
1298,2,Manufacturing Director,3,High,4695,12858,Yes,18,0,,
1299,1,Laboratory Technician,3,High,3339,17285,Yes,13,2,,
1301,1,Research Scientist,3,High,2080,4732,No,11,0,,
1303,1,Research Scientist,3,High,2096,18830,No,18,0,,
1304,2,Sales Executive,4,Very High,6209,11693,No,15,2,,
1306,5,Manager,3,High,18061,13035,No,22,0,,
1307,4,Manager,2,Medium,17123,17334,Yes,13,2,,
1308,1,Research Scientist,3,High,2372,26076,No,12,2,,
1309,2,Laboratory Technician,3,High,4883,22845,No,18,1,,
1310,1,Research Scientist,3,High,3904,22154,No,13,0,,
1311,2,Laboratory Technician,2,Medium,4627,23631,No,12,1,,
1312,3,Healthcare Representative,3,High,7094,5747,No,12,0,,
1314,1,Human Resources,3,High,3423,22957,No,12,0,,
1315,2,Laboratory Technician,1,Low,6674,16392,No,11,3,,
1317,4,Research Director,3,High,16880,22422,Yes,11,0,,
1318,3,Sales Executive,2,Medium,9094,17235,Yes,12,0,,
1319,3,Sales Executive,3,High,8446,21534,Yes,19,0,,
1321,3,Manager,3,High,11916,25927,Yes,23,2,,
1322,2,Manufacturing Director,3,High,4534,13352,No,11,0,,
1324,3,Sales Executive,3,High,9852,8935,Yes,19,1,,
1329,2,Sales Executive,1,Low,6151,22074,No,13,0,,
1331,1,Sales Representative,3,High,2302,8319,Yes,11,0,,
1333,1,Laboratory Technician,3,High,2362,14669,No,12,0,,
1334,4,Manager,3,High,17861,26582,Yes,13,0,,
1336,5,Manager,1,Low,19187,6992,No,14,1,,
1338,5,Manager,3,High,19717,4022,No,14,0,,
1340,1,Research Scientist,3,High,3544,8532,No,16,1,,
1344,3,Healthcare Representative,3,High,8500,5494,No,11,1,,
1346,2,Research Scientist,3,High,4661,22455,No,13,0,,
1349,2,Sales Executive,3,High,4103,4297,No,17,1,,
1350,2,Research Scientist,3,High,4249,2690,Yes,11,0,,
1352,4,Manager,3,High,14026,17588,Yes,11,1,,
1355,2,Sales Executive,3,High,6893,19461,No,15,1,,
1356,2,Sales Executive,3,High,6125,23553,No,12,0,,
1358,1,Laboratory Technician,3,High,3669,9075,No,11,3,,
1360,3,Manufacturing Director,2,Medium,10008,12023,Yes,14,0,,
1361,1,Laboratory Technician,3,High,2387,6762,No,22,1,,
1362,2,Sales Executive,4,Very High,4639,2261,No,16,1,,
1363,3,Manufacturing Director,3,High,7898,18706,No,11,0,,
1364,1,Sales Representative,4,Very High,2534,6527,No,14,1,,
1367,4,Manufacturing Director,2,Medium,13142,24439,No,16,0,,
1368,1,Laboratory Technician,3,High,1611,19305,No,15,0,,
1369,2,Laboratory Technician,2,Medium,5363,10846,No,12,1,,
1371,2,Sales Executive,1,Low,5071,20392,No,20,0,,
1372,4,Sales Executive,4,Very High,13695,9277,Yes,17,0,,
1373,4,Manufacturing Director,3,High,13402,18235,Yes,12,1,,
1374,1,Research Scientist,2,Medium,2029,15891,No,20,3,,
1375,2,Healthcare Representative,4,Very High,6377,13888,No,20,3,,
1377,2,Laboratory Technician,3,High,5429,17491,No,13,2,,
1379,1,Sales Representative,2,Medium,2785,11882,No,14,0,,
1380,2,Sales Executive,3,High,4614,23288,Yes,18,1,,
1382,1,Research Scientist,4,Very High,2610,15748,No,11,3,,
1383,2,Healthcare Representative,3,High,6687,6163,No,11,0,,
1387,2,Sales Executive,2,Medium,4724,24232,No,11,1,,
1389,2,Manufacturing Director,3,High,6179,21057,Yes,15,2,,
1390,2,Sales Executive,2,Medium,6120,3567,Yes,12,2,,
1391,3,Sales Executive,3,High,10596,15395,No,11,0,,
1392,2,Research Scientist,3,High,5467,13953,Yes,14,2,,
1394,1,Research Scientist,3,High,2996,5182,Yes,15,0,,
1395,2,Sales Executive,3,High,9998,19293,No,13,0,,
1396,2,Sales Executive,3,High,4078,20497,Yes,13,3,,
1397,3,Healthcare Representative,3,High,10920,3449,No,21,1,,
1399,2,Sales Executive,4,Very High,6232,12477,No,11,0,,
1401,4,Manufacturing Director,4,Very High,13247,9731,Yes,11,1,,
1402,2,Research Scientist,2,Medium,4081,20003,Yes,14,0,,
1403,2,Sales Executive,2,Medium,5769,7100,Yes,11,0,,
1405,1,Research Scientist,3,High,2394,25681,Yes,13,0,,
1407,1,Research Scientist,2,Medium,3904,4050,No,12,0,,
1408,4,Manager,3,High,16799,16616,No,14,1,,
1409,1,Laboratory Technician,3,High,2950,17363,No,13,0,,
1411,1,Laboratory Technician,3,High,3629,19106,No,18,0,,
1412,3,Manufacturing Director,3,High,9362,19944,No,11,0,,
1415,1,Laboratory Technician,3,High,3229,4910,No,11,1,,
1417,1,Laboratory Technician,4,Very High,3578,23577,No,12,0,,
1419,3,Human Resources,2,Medium,7988,9769,No,13,0,,
1420,2,Laboratory Technician,2,Medium,4284,22710,No,20,0,,
1421,3,Healthcare Representative,3,High,7553,22930,Yes,12,0,,
1422,4,Research Director,3,High,17328,5652,No,19,0,,
1423,5,Research Director,3,High,19701,22456,Yes,21,1,,
1424,4,Research Director,4,Very High,14732,12414,No,13,2,,
1425,2,Sales Executive,3,High,9278,20763,Yes,16,0,,
1427,1,Sales Representative,1,Low,1359,16154,No,12,0,,
1428,2,Sales Executive,3,High,4779,12761,No,14,2,,
1430,4,Research Director,3,High,16422,8847,No,11,0,,
1431,1,Research Scientist,3,High,2996,20284,No,14,2,,
1433,1,Research Scientist,2,Medium,1261,22262,No,12,0,,
1434,1,Laboratory Technician,3,High,2099,7679,No,14,0,,
1435,2,Laboratory Technician,2,Medium,5810,22604,No,16,0,,
1436,2,Sales Executive,2,Medium,5647,13494,No,13,2,,
1438,1,Research Scientist,3,High,3420,10205,No,12,1,,
1439,1,Sales Representative,2,Medium,4400,15182,No,12,0,,
1440,1,Laboratory Technician,4,Very High,3500,25470,No,14,0,,
1441,1,Research Scientist,3,High,2066,10494,No,22,1,,
1443,4,Research Director,3,High,17169,26703,No,19,2,,
1445,2,Sales Executive,3,High,4162,15211,Yes,12,2,,
1446,2,Sales Executive,3,High,9204,23343,No,12,1,,
1447,1,Laboratory Technician,2,Medium,3294,3708,No,17,1,,
1448,1,Research Scientist,4,Very High,2127,5561,Yes,12,0,,
1449,2,Laboratory Technician,3,High,3975,23099,No,11,2,,
1453,3,Sales Executive,3,High,10793,8386,No,18,1,,
1457,3,Sales Executive,3,High,10096,15986,No,11,1,,
1458,1,Laboratory Technician,2,Medium,3646,17181,Yes,23,0,,
1459,3,Manufacturing Director,4,Very High,7446,8931,No,11,0,,
1460,3,Healthcare Representative,1,Low,10851,19863,Yes,18,1,,
1461,1,Human Resources,4,Very High,2109,24609,No,18,0,,
1464,1,Laboratory Technician,3,High,3722,21081,Yes,13,1,,
1465,3,Manufacturing Director,3,High,9380,14720,Yes,18,2,,
1466,2,Sales Executive,3,High,5486,24795,No,11,3,,
1467,1,Human Resources,3,High,2742,3072,No,15,0,,
1468,3,Research Director,2,Medium,13757,25178,No,11,1,,
1469,2,Sales Executive,3,High,8463,23490,No,18,0,,
1471,1,Laboratory Technician,2,Medium,3162,7973,No,14,0,,
1472,4,Research Director,4,Very High,16598,19764,No,12,0,,
1473,2,Healthcare Representative,3,High,6651,21534,No,14,1,,
1474,1,Research Scientist,3,High,2345,8045,No,14,1,,
1475,1,Research Scientist,3,High,3420,21158,No,13,0,,
1477,2,Sales Executive,3,High,4373,17456,No,14,2,,
1478,2,Sales Executive,1,Low,4759,15891,No,18,0,,
1479,2,Sales Executive,3,High,5301,2939,No,15,2,,
1480,1,Laboratory Technician,3,High,3673,16458,No,13,0,,
1481,2,Sales Executive,3,High,4768,9282,No,12,1,,
1482,1,Research Scientist,3,High,1274,7152,No,13,2,,
1483,2,Research Scientist,4,Very High,4900,2721,No,24,1,,
1484,3,Healthcare Representative,3,High,10466,20948,No,14,2,,
1485,4,Research Director,3,High,17007,11929,No,14,2,,
1486,1,Sales Representative,3,High,2909,15747,No,15,1,,
1487,2,Sales Executive,3,High,5765,17485,No,11,0,,
1489,2,Sales Executive,2,Medium,4599,7815,Yes,23,0,,
1492,1,Sales Representative,3,High,2404,16192,No,13,1,,
1494,1,Laboratory Technician,3,High,3172,16998,Yes,11,0,,
1495,1,Sales Representative,3,High,2033,7103,No,13,1,,
1496,3,Manufacturing Director,3,High,10209,19719,Yes,18,0,,
1497,2,Sales Executive,2,Medium,8620,23757,No,14,2,,
1499,1,Human Resources,3,High,2064,15428,No,21,1,,
1501,2,Healthcare Representative,3,High,4035,16143,Yes,16,0,,
1502,1,Laboratory Technician,2,Medium,3838,8192,No,11,0,,
1503,2,Sales Executive,3,High,4591,24200,Yes,17,1,,
1504,1,Laboratory Technician,2,Medium,2561,5355,No,11,0,,
1506,1,Research Scientist,2,Medium,1563,12530,No,14,1,,
1507,2,Sales Executive,3,High,4898,11827,No,14,0,,
1509,2,Laboratory Technician,2,Medium,4789,23070,No,25,1,,
1513,1,Laboratory Technician,3,High,3180,4668,No,13,3,,
1514,2,Manufacturing Director,1,Low,6549,3173,No,14,2,,
1515,2,Healthcare Representative,3,High,6388,22049,Yes,17,0,,
1516,3,Manager,3,High,11244,21072,No,25,0,,
1520,4,Manager,3,High,16032,24456,No,20,1,,
1522,1,Research Scientist,2,Medium,2362,7568,No,13,0,,
1523,4,Research Director,3,High,16328,22074,No,13,1,,
1525,3,Manufacturing Director,3,High,8376,9150,No,18,0,,
1527,4,Manager,3,High,16606,11380,No,12,1,,
1529,3,Healthcare Representative,2,Medium,8606,21195,No,19,0,,
1533,2,Laboratory Technician,3,High,2272,24812,No,14,0,,
1534,1,Laboratory Technician,3,High,2018,21831,No,14,0,,
1535,3,Sales Executive,2,Medium,7083,12288,Yes,14,0,,
1537,1,Research Scientist,3,High,4084,4156,No,12,0,,
1539,4,Research Director,1,Low,14411,24450,Yes,13,0,,
1541,1,Sales Representative,3,High,2308,4944,Yes,25,1,,
1542,1,Laboratory Technician,2,Medium,4841,24052,No,14,1,,
1543,2,Research Scientist,3,High,4285,3031,No,17,0,,
1544,2,Healthcare Representative,1,Low,9715,7288,No,13,1,,
1545,2,Manufacturing Director,2,Medium,4320,24152,No,13,0,,
1546,1,Research Scientist,3,High,2132,4585,No,20,1,,
1547,3,Healthcare Representative,3,High,10124,18611,Yes,14,1,,
1548,2,Sales Executive,3,High,5473,19345,No,12,0,,
1549,2,Laboratory Technician,3,High,5207,22949,Yes,12,1,,
1550,4,Manager,3,High,16437,17381,Yes,21,0,,
1551,1,Laboratory Technician,2,Medium,2296,10036,No,14,3,,
1552,2,Healthcare Representative,3,High,4069,8841,Yes,18,0,,
1553,3,Healthcare Representative,3,High,7441,20933,No,12,3,,
1554,1,Sales Representative,2,Medium,2430,26204,No,23,2,,
1555,2,Research Scientist,2,Medium,5878,15624,No,12,1,,
1556,1,Sales Representative,3,High,2644,17001,Yes,21,0,,
1557,2,Sales Executive,3,High,6439,13693,No,14,1,,
1558,1,Research Scientist,4,Very High,2451,22376,No,18,2,,
1560,2,Sales Executive,3,High,6392,10589,No,13,1,,
1562,2,Sales Executive,2,Medium,9714,5323,No,11,1,,
1563,2,Human Resources,3,High,6077,14814,No,11,0,,
1564,1,Laboratory Technician,2,Medium,2450,21731,No,19,0,,
1568,3,Sales Executive,3,High,9250,17799,No,12,1,,
1569,1,Laboratory Technician,3,High,2074,26619,Yes,12,1,,
1572,3,Manufacturing Director,2,Medium,10169,14618,No,16,1,,
1573,2,Manufacturing Director,3,High,4855,7653,No,11,2,,
1574,2,Research Scientist,3,High,4087,25174,No,14,1,,
1576,1,Research Scientist,3,High,2367,16530,No,12,1,,
1577,1,Research Scientist,3,High,2972,22061,No,13,0,,
1578,5,Manager,2,Medium,19586,23037,No,21,1,,
1580,2,Research Scientist,3,High,5484,13008,No,17,1,,
1581,1,Research Scientist,3,High,2061,11133,No,21,0,,
1582,2,Sales Executive,3,High,9924,12355,No,11,1,,
1583,2,Sales Executive,3,High,4198,16379,No,12,0,,
1585,2,Sales Executive,3,High,6815,21447,No,13,0,,
1586,1,Laboratory Technician,3,High,4723,16213,Yes,18,0,,
1587,2,Healthcare Representative,3,High,6142,4223,Yes,16,0,,
1588,3,Sales Executive,4,Very High,8237,4658,No,11,1,,
1590,2,Healthcare Representative,3,High,8853,24483,No,19,1,,
1591,5,Manager,3,High,19331,19519,Yes,16,1,,
1592,1,Research Scientist,4,Very High,2073,12826,No,16,1,,
1594,2,Laboratory Technician,4,Very High,5562,19711,Yes,13,1,,
1595,5,Manager,2,Medium,19613,26362,No,22,0,,
1596,2,Laboratory Technician,4,Very High,3407,25348,No,17,2,,
1597,2,Healthcare Representative,2,Medium,5063,15332,No,14,1,,
1598,2,Sales Executive,3,High,4639,11262,No,15,1,,
1599,1,Laboratory Technician,4,Very High,4876,5855,No,12,1,,
1601,1,Laboratory Technician,2,Medium,2690,7713,No,18,1,,
1602,4,Manager,4,Very High,17567,3156,No,15,0,,
1604,1,Laboratory Technician,3,High,2408,7324,Yes,17,3,,
1605,1,Research Scientist,2,Medium,2814,10293,Yes,14,0,,
1606,4,Healthcare Representative,3,High,11245,20689,Yes,15,1,,
1607,1,Research Scientist,4,Very High,3312,18783,No,17,2,,
1608,5,Research Director,3,High,19049,3549,Yes,14,1,,
1609,1,Research Scientist,2,Medium,2141,5348,No,12,1,,
1611,2,Laboratory Technician,1,Low,5769,23447,Yes,14,0,,
1612,2,Sales Executive,2,Medium,4385,24162,No,15,1,,
1613,2,Sales Executive,3,High,5332,21602,No,13,0,,
1614,2,Manufacturing Director,3,High,4663,12421,Yes,12,2,,
1615,2,Manufacturing Director,4,Very High,4724,17000,No,13,1,,
1617,1,Laboratory Technician,3,High,3211,22102,No,14,1,,
1618,2,Manufacturing Director,3,High,5377,3835,No,13,3,,
1619,1,Laboratory Technician,2,Medium,4066,16290,No,11,2,,
1621,2,Research Scientist,4,Very High,5208,26312,No,11,0,,
1622,2,Manufacturing Director,1,Low,4877,20460,No,21,1,,
1623,1,Research Scientist,3,High,3117,26009,No,18,0,,
1624,1,Sales Representative,3,High,1569,18420,Yes,12,0,,
1625,5,Manager,3,High,19658,5220,No,11,1,,
1627,2,Laboratory Technician,2,Medium,3069,10302,No,15,1,,
1628,3,Manufacturing Director,2,Medium,10435,25800,No,13,2,,
1630,2,Healthcare Representative,3,High,4148,12250,No,12,1,,
1631,2,Manufacturing Director,3,High,5768,26493,No,17,3,,
1633,2,Manufacturing Director,3,High,5042,3140,No,13,0,,
1635,2,Manufacturing Director,2,Medium,5770,5388,No,19,2,,
1638,3,Manufacturing Director,2,Medium,7756,14199,Yes,19,1,,
1639,3,Sales Executive,2,Medium,10306,21530,No,17,0,,
1640,1,Research Scientist,3,High,3936,9953,No,11,1,,
1641,3,Manufacturing Director,3,High,7945,19948,Yes,15,0,,
1642,2,Human Resources,3,High,5743,10503,Yes,11,0,,
1644,4,Manager,2,Medium,15202,5602,No,25,1,,
1645,2,Sales Executive,1,Low,5440,22098,Yes,14,2,,
1646,1,Research Scientist,3,High,3760,17218,Yes,13,0,,
1647,1,Research Scientist,4,Very High,3517,22490,No,17,0,,
1648,1,Research Scientist,3,High,2580,6297,No,13,0,,
1649,1,Laboratory Technician,3,High,2166,3339,Yes,14,0,,
1650,2,Sales Executive,2,Medium,5869,23413,No,11,0,,
1651,3,Healthcare Representative,3,High,8008,22792,No,12,2,,
1653,2,Manufacturing Director,4,Very High,5206,4973,No,17,2,,
1654,2,Manufacturing Director,3,High,5295,7693,No,21,0,,
1655,4,Research Director,3,High,16413,3498,No,16,2,,
1656,3,Research Director,2,Medium,13269,21981,No,15,3,,
1657,1,Sales Representative,3,High,2783,13251,No,19,0,,
1658,2,Research Scientist,3,High,5433,19332,No,12,1,,
1659,1,Laboratory Technician,3,High,2013,10950,No,11,0,,
1661,4,Healthcare Representative,2,Medium,13966,11652,Yes,19,1,,
1662,2,Manufacturing Director,2,Medium,4374,15411,No,15,0,,
1664,2,Healthcare Representative,4,Very High,6842,26308,No,20,1,,
1665,4,Manager,3,High,17426,18685,No,25,1,,
1666,4,Research Director,2,Medium,17603,3525,No,24,1,,
1667,2,Sales Executive,3,High,4581,10414,Yes,24,0,,
1668,2,Research Scientist,3,High,4735,9867,No,15,2,,
1669,2,Sales Executive,2,Medium,4187,3356,Yes,13,1,,
1670,2,Sales Executive,3,High,5505,3921,No,14,2,,
1671,2,Research Scientist,3,High,5470,25518,No,13,2,,
1673,2,Sales Executive,3,High,5476,22589,No,11,2,,
1674,1,Laboratory Technician,3,High,2587,24941,Yes,16,1,,
1675,1,Laboratory Technician,2,Medium,2440,23826,No,22,0,,
1676,4,Manager,4,Very High,15972,21086,No,14,3,,
1677,4,Manager,3,High,15379,22384,No,14,0,,
1678,3,Sales Executive,3,High,7082,11591,Yes,16,0,,
1680,1,Sales Representative,3,High,2728,21082,No,11,0,,
1681,2,Sales Executive,3,High,5368,16130,Yes,25,1,,
1682,2,Healthcare Representative,3,High,5347,7419,No,14,2,,
1683,1,Human Resources,3,High,3195,4167,Yes,18,3,,
1684,1,Laboratory Technician,2,Medium,3989,20586,Yes,11,0,,
1687,1,Laboratory Technician,3,High,3306,26176,No,19,1,,
1689,3,Healthcare Representative,4,Very High,7005,3458,No,15,0,,
1691,1,Sales Representative,3,High,2655,11740,Yes,11,2,,
1692,1,Laboratory Technician,3,High,1393,24852,No,12,0,,
1693,1,Laboratory Technician,3,High,2570,11925,No,20,0,,
1694,1,Research Scientist,2,Medium,3537,23737,No,12,1,,
1696,2,Laboratory Technician,2,Medium,3986,11912,No,14,1,,
1697,3,Healthcare Representative,1,Low,10883,20467,No,20,1,,
1698,1,Laboratory Technician,4,Very High,2028,13637,No,18,3,,
1700,2,Sales Executive,1,Low,9525,7677,No,14,2,,
1701,1,Research Scientist,2,Medium,2929,20338,No,12,0,,
1702,1,Sales Representative,3,High,2275,25103,Yes,21,1,,
1703,3,Healthcare Representative,4,Very High,7879,14810,Yes,19,1,,
1704,1,Research Scientist,2,Medium,4930,13970,Yes,14,0,,
1706,2,Sales Executive,3,High,7847,6069,Yes,17,1,,
1707,1,Research Scientist,4,Very High,4401,17616,No,16,1,,
1708,3,Sales Executive,3,High,9241,15869,No,12,0,,
1709,1,Laboratory Technician,3,High,2974,25412,No,17,1,,
1710,2,Sales Representative,3,High,4502,7439,No,15,0,,
1712,3,Healthcare Representative,2,Medium,10748,3395,No,23,1,,
1714,1,Human Resources,1,Low,1555,11585,No,11,1,,
1716,4,Sales Executive,1,Low,12936,24164,No,11,0,,
1718,1,Laboratory Technician,1,Low,2305,6217,No,15,3,,
1719,4,Research Director,2,Medium,16704,17119,No,11,0,,
1720,1,Research Scientist,3,High,3433,17360,No,13,1,,
1721,1,Laboratory Technician,3,High,3477,18103,No,14,1,,
1722,2,Human Resources,1,Low,6430,20794,No,19,1,,
1724,2,Manufacturing Director,3,High,6516,5041,Yes,16,1,,
1725,1,Laboratory Technician,3,High,3907,3622,No,13,3,,
1727,2,Healthcare Representative,3,High,5562,9697,No,14,0,,
1728,2,Manufacturing Director,3,High,6883,5151,No,16,1,,
1729,1,Research Scientist,3,High,2862,3811,No,12,1,,
1731,2,Sales Executive,3,High,4978,3536,No,11,1,,
1732,3,Sales Executive,3,High,10368,5596,Yes,12,1,,
1733,2,Sales Executive,2,Medium,6134,8658,Yes,13,3,,
1734,2,Sales Executive,1,Low,6735,12147,No,15,0,,
1735,1,Laboratory Technician,3,High,3295,12862,No,13,0,,
1736,2,Manufacturing Director,3,High,5238,6670,No,20,0,,
1737,2,Laboratory Technician,3,High,6472,8989,Yes,15,1,,
1739,3,Sales Executive,1,Low,9610,3840,No,13,1,,
1740,5,Manager,3,High,19833,4349,No,14,0,,
1744,3,Human Resources,1,Low,9756,6595,No,21,2,,
1745,1,Research Scientist,2,Medium,4968,26427,No,16,0,,
1746,1,Human Resources,3,High,2145,2097,No,14,1,,
1747,1,Human Resources,2,Medium,2180,9732,No,11,1,,
1749,2,Sales Executive,3,High,8346,20943,No,19,1,,
1751,1,Research Scientist,3,High,3445,6152,No,11,0,,
1752,1,Sales Representative,1,Low,2760,14630,No,13,0,,
1753,2,Healthcare Representative,4,Very High,6294,23060,Yes,12,0,,
1754,3,Sales Executive,2,Medium,7140,3088,No,11,1,,
1755,1,Research Scientist,4,Very High,2932,5586,Yes,14,3,,
1756,2,Sales Executive,3,High,5147,10697,No,15,0,,
1757,2,Sales Executive,3,High,4507,8191,No,12,0,,
1758,3,Sales Executive,3,High,8564,10092,Yes,20,0,,
1760,1,Laboratory Technician,2,Medium,2468,15963,No,14,1,,
1761,3,Sales Executive,3,High,8161,19002,No,13,3,,
1762,1,Research Scientist,2,Medium,2109,10007,No,13,1,,
1763,2,Healthcare Representative,4,Very High,5294,9128,No,16,1,,
1764,1,Research Scientist,3,High,2718,17674,No,14,0,,
1766,2,Healthcare Representative,1,Low,5811,24539,Yes,16,1,,
1767,1,Research Scientist,2,Medium,2437,15587,Yes,16,1,,
1768,1,Laboratory Technician,3,High,2766,8952,No,22,3,,
1770,5,Research Director,2,Medium,19038,19805,No,12,3,,
1771,2,Research Scientist,3,High,3055,6194,No,15,2,,
1772,1,Laboratory Technician,3,High,2289,20520,No,20,2,,
1774,2,Sales Executive,3,High,4001,12313,Yes,14,1,,
1775,4,Manufacturing Director,2,Medium,12965,22308,Yes,20,3,,
1778,1,Human Resources,3,High,3539,5033,No,13,0,,
1779,2,Sales Executive,1,Low,6029,25353,No,12,0,,
1780,1,Sales Representative,3,High,2679,4567,No,13,0,,
1782,1,Laboratory Technician,2,Medium,3702,16376,No,11,1,,
1783,1,Laboratory Technician,3,High,2398,15999,Yes,17,0,,
1784,2,Sales Executive,2,Medium,5468,13402,No,14,2,,
1786,3,Manager,3,High,13116,22984,No,11,0,,
1787,2,Sales Executive,2,Medium,4189,8800,No,14,2,,
1789,5,Research Director,3,High,19328,14218,Yes,17,1,,
1790,3,Healthcare Representative,3,High,8321,25949,Yes,13,1,,
1792,1,Research Scientist,3,High,2342,11092,Yes,12,3,,
1794,2,Human Resources,3,High,4071,12832,No,13,0,,
1797,2,Sales Executive,3,High,5813,13492,Yes,18,0,,
1798,1,Research Scientist,4,Very High,3143,6076,No,19,1,,
1799,1,Research Scientist,3,High,2044,5531,No,11,1,,
1800,3,Research Director,3,High,13464,7914,No,21,0,,
1801,2,Sales Executive,2,Medium,7991,25166,No,15,0,,
1802,1,Laboratory Technician,3,High,3377,25605,No,17,1,,
1803,2,Healthcare Representative,4,Very High,5538,5696,No,18,2,,
1804,2,Manufacturing Director,3,High,5762,24442,No,14,1,,
1805,1,Human Resources,3,High,2592,7129,No,13,3,,
1807,2,Laboratory Technician,3,High,5346,6208,No,17,1,,
1809,2,Manufacturing Director,3,High,4213,4992,No,15,0,,
1812,2,Sales Executive,3,High,4127,19188,No,18,1,,
1813,1,Research Scientist,3,High,2438,24978,No,13,0,,
1814,2,Healthcare Representative,4,Very High,6870,15530,No,12,0,,
1815,3,Sales Executive,3,High,10447,26458,Yes,13,1,,
1816,3,Manufacturing Director,3,High,9667,2739,No,14,0,,
1818,1,Human Resources,3,High,2148,6889,Yes,11,0,,
1821,2,Healthcare Representative,3,High,8926,10842,No,22,1,,
1822,2,Healthcare Representative,3,High,6513,9060,No,17,1,,
1823,2,Sales Executive,4,Very High,6799,22128,No,21,2,,
1824,4,Manager,3,High,16291,22577,No,22,1,,
1826,1,Laboratory Technician,1,Low,2705,9696,No,16,1,,
1827,3,Manufacturing Director,2,Medium,10333,19271,Yes,12,1,,
1829,2,Healthcare Representative,3,High,4448,10748,No,12,1,,
1830,2,Research Scientist,3,High,6854,15696,No,15,1,,
1833,3,Sales Executive,3,High,9637,8277,No,14,2,,
1834,1,Research Scientist,3,High,3591,12719,No,25,1,,
1835,2,Sales Representative,1,Low,5405,4244,Yes,20,2,,
1836,2,Sales Executive,3,High,4684,9125,No,13,0,,
1837,4,Research Director,3,High,15787,21624,Yes,14,0,,
1839,1,Research Scientist,3,High,1514,8018,No,16,0,,
1842,1,Human Resources,4,Very High,2956,21495,No,17,0,,
1844,1,Human Resources,2,Medium,2335,3157,Yes,15,3,,
1845,2,Sales Executive,3,High,5154,19665,No,22,2,,
1847,2,Research Scientist,3,High,6962,19573,Yes,22,1,,
1849,2,Sales Executive,3,High,5675,19246,No,20,1,,
1850,1,Laboratory Technician,3,High,2379,19826,Yes,14,0,,
1852,1,Laboratory Technician,3,High,3812,7003,No,13,0,,
1853,2,Sales Executive,3,High,4648,26075,No,13,0,,
1854,1,Research Scientist,3,High,2936,6161,No,22,2,,
1856,1,Laboratory Technician,3,High,2105,5411,No,12,0,,
1857,3,Manufacturing Director,3,High,8578,19989,No,14,1,,
1858,1,Human Resources,3,High,2706,10494,No,15,1,,
1859,2,Healthcare Representative,1,Low,6384,21143,No,17,2,,
1860,1,Laboratory Technician,3,High,3968,13624,No,13,0,,
1862,2,Sales Executive,2,Medium,9907,26186,Yes,12,0,,
1863,4,Sales Executive,4,Very High,13225,7739,No,12,1,,
1864,2,Sales Representative,2,Medium,3540,7018,No,21,1,,
1865,1,Human Resources,2,Medium,2804,15434,No,11,0,,
1866,5,Manager,2,Medium,19392,22539,No,13,0,,
1867,5,Research Director,2,Medium,19665,13583,No,12,0,,
1868,1,Research Scientist,2,Medium,2439,14753,Yes,24,0,,
1869,3,Sales Executive,3,High,7314,14011,No,21,3,,
1870,1,Research Scientist,2,Medium,4774,23844,No,19,1,,
1871,2,Research Scientist,3,High,3902,5141,No,14,3,,
1873,1,Research Scientist,2,Medium,2662,7975,No,20,1,,
1875,1,Sales Representative,3,High,2856,3692,No,19,1,,
1876,1,Sales Representative,3,High,1081,16019,No,13,0,,
1878,1,Research Scientist,3,High,2472,26092,Yes,23,0,,
1880,2,Sales Executive,2,Medium,5673,6060,Yes,13,1,,
1881,2,Laboratory Technician,3,High,4197,18624,No,11,1,,
1882,3,Sales Executive,3,High,9713,24444,Yes,13,3,,
1883,1,Laboratory Technician,3,High,2062,19384,No,14,0,,
1885,2,Research Scientist,3,High,4284,13588,Yes,22,1,,
1886,2,Manufacturing Director,2,Medium,4788,25388,Yes,11,0,,
1888,2,Manufacturing Director,2,Medium,5906,23888,No,13,2,,
1890,2,Human Resources,2,Medium,3886,4223,No,21,0,,
1892,4,Manager,3,High,16823,18991,No,11,1,,
1893,1,Research Scientist,2,Medium,2933,14908,Yes,13,1,,
1898,2,Sales Executive,4,Very High,6500,26997,No,14,0,,
1900,4,Manager,3,High,17174,2437,No,11,1,,
1903,2,Healthcare Representative,4,Very High,5033,9364,No,15,1,,
1905,1,Research Scientist,1,Low,2307,14460,Yes,23,1,,
1907,1,Laboratory Technician,3,High,2587,10261,No,16,0,,
1908,2,Sales Executive,2,Medium,5507,16822,No,16,2,,
1909,2,Sales Executive,3,High,4393,26841,No,21,1,,
1911,3,Research Director,3,High,13348,14842,No,13,1,,
1912,2,Sales Executive,3,High,6583,20115,Yes,11,1,,
1915,2,Sales Executive,2,Medium,8103,16495,Yes,12,0,,
1916,1,Laboratory Technician,4,Very High,3978,16031,No,12,1,,
1918,1,Laboratory Technician,4,Very High,2544,7102,No,18,1,,
1922,2,Healthcare Representative,3,High,5399,14511,No,12,0,,
1924,2,Sales Executive,3,High,5487,10410,No,14,0,,
1927,2,Sales Executive,2,Medium,6834,19255,Yes,12,1,,
1928,1,Sales Representative,4,Very High,1091,10642,No,17,0,,
1929,2,Sales Executive,1,Low,5736,3987,No,19,1,,
1931,1,Research Scientist,3,High,2226,6073,No,11,1,,
1932,2,Research Scientist,2,Medium,5747,26496,Yes,15,0,,
1933,2,Sales Executive,3,High,9854,23352,Yes,11,0,,
1934,2,Research Scientist,3,High,5467,2125,No,18,1,,
1935,2,Sales Executive,2,Medium,5380,20328,No,16,1,,
1936,2,Manufacturing Director,3,High,5151,12315,No,25,1,,
1937,2,Research Scientist,2,Medium,2133,18115,Yes,16,1,,
1938,4,Manager,3,High,17875,11761,Yes,13,1,,
1939,1,Research Scientist,4,Very High,2432,15318,Yes,14,0,,
1940,1,Research Scientist,3,High,4771,14293,No,19,2,,
1941,5,Research Director,3,High,19161,13738,No,15,0,,
1943,2,Sales Executive,3,High,5087,2900,Yes,12,2,,
1944,1,Human Resources,2,Medium,2863,19555,No,12,0,,
1945,2,Sales Executive,3,High,5561,15975,No,16,1,,
1947,1,Research Scientist,3,High,2144,2122,No,14,0,,
1948,1,Research Scientist,3,High,3065,3995,Yes,13,1,,
1949,1,Laboratory Technician,4,Very High,2810,9238,No,22,0,,
1950,3,Sales Executive,3,High,9888,6770,No,21,0,,
1951,3,Sales Executive,3,High,8628,22914,No,18,1,,
1952,1,Laboratory Technician,3,High,2867,20006,No,13,0,,
1954,2,Healthcare Representative,3,High,5373,6225,No,12,1,,
1955,2,Healthcare Representative,3,High,6667,16542,No,18,1,,
1956,2,Research Scientist,1,Low,5003,5771,No,21,0,,
1960,1,Laboratory Technician,2,Medium,2367,18779,No,12,1,,
1961,1,Sales Representative,2,Medium,2858,11473,No,14,0,,
1962,2,Sales Executive,3,High,5204,13586,Yes,11,0,,
1965,2,Sales Executive,3,High,4105,5099,No,14,0,,
1966,2,Manufacturing Director,2,Medium,9679,10138,No,24,0,,
1967,2,Sales Executive,3,High,5617,21075,Yes,11,0,,
1968,3,Sales Executive,3,High,10448,5843,Yes,13,0,,
1969,2,Research Scientist,3,High,2897,22474,No,11,2,,
1970,2,Healthcare Representative,3,High,5968,18079,No,20,3,,
1971,3,Healthcare Representative,3,High,7510,16873,No,17,1,,
1972,1,Human Resources,3,High,2991,5224,Yes,11,1,,
1973,5,Manager,4,Very High,19636,25811,Yes,18,1,,
1974,1,Laboratory Technician,1,Low,1129,17536,Yes,11,3,,
1975,4,Sales Executive,3,High,13341,25098,No,12,0,,
1976,2,Research Scientist,2,Medium,4332,14811,No,12,0,,
1979,3,Research Director,3,High,11031,26862,No,20,1,,
1980,2,Manufacturing Director,3,High,4440,25198,Yes,19,0,,
1981,2,Healthcare Representative,2,Medium,4617,14120,No,12,0,,
1982,1,Laboratory Technician,3,High,2647,13672,No,13,0,,
1985,2,Laboratory Technician,3,High,6323,26849,No,11,1,,
1986,2,Sales Executive,3,High,5677,4258,No,14,1,,
1987,1,Human Resources,3,High,2187,19655,No,14,0,,
1989,1,Laboratory Technician,3,High,3748,4077,No,13,0,,
1992,1,Laboratory Technician,3,High,3977,7298,Yes,19,1,,
1993,3,Healthcare Representative,3,High,8633,13084,No,23,0,,
1994,1,Laboratory Technician,2,Medium,2008,20439,No,12,3,,
1995,2,Sales Executive,3,High,4440,7636,No,15,2,,
1996,1,Sales Representative,3,High,3067,6393,No,19,1,,
1997,2,Manufacturing Director,2,Medium,5321,14284,No,11,1,,
1998,2,Research Scientist,3,High,5410,11189,Yes,17,1,,
1999,1,Research Scientist,3,High,2782,21412,No,22,1,,
2000,3,Research Director,3,High,11957,17231,No,18,2,,
2003,1,Laboratory Technician,3,High,2660,20232,Yes,11,1,,
2007,1,Research Scientist,3,High,3375,17624,No,12,0,,
2008,2,Research Scientist,3,High,5098,18698,No,19,0,,
2009,2,Healthcare Representative,3,High,4878,21653,Yes,13,1,,
2010,1,Laboratory Technician,2,Medium,2837,15919,No,13,0,,
2012,1,Laboratory Technician,3,High,2406,4060,No,19,2,,
2013,1,Sales Representative,2,Medium,2269,18024,No,14,1,,
2014,2,Research Scientist,3,High,4108,5340,No,13,0,,
2015,3,Research Director,1,Low,13206,3376,No,12,1,,
2016,3,Sales Executive,3,High,10422,24032,No,19,2,,
2017,3,Research Director,4,Very High,13744,15471,Yes,25,1,,
2018,2,Sales Executive,3,High,4907,13684,Yes,22,1,,
2019,1,Sales Representative,3,High,3482,19788,No,15,2,,
2020,1,Research Scientist,3,High,2436,13422,Yes,12,0,,
2021,1,Sales Representative,3,High,2380,25479,Yes,11,0,,
2022,5,Manager,3,High,19431,15302,No,13,0,,
2023,1,Sales Representative,3,High,1790,26956,No,19,1,,
2024,3,Sales Executive,2,Medium,7644,12695,No,19,2,,
2025,2,Manufacturing Director,3,High,5131,9192,No,13,3,,
2026,2,Healthcare Representative,3,High,6306,26236,No,21,1,,
2027,1,Research Scientist,3,High,4787,26124,Yes,14,3,,
2031,5,Manager,3,High,18880,17312,No,11,0,,
2032,1,Laboratory Technician,3,High,2339,3666,No,11,1,,
2034,4,Manufacturing Director,2,Medium,13570,5640,No,23,1,,
2035,2,Sales Executive,2,Medium,6712,8978,No,21,2,,
2036,2,Sales Executive,1,Low,5406,10436,No,24,1,,
2037,2,Sales Executive,2,Medium,8938,12227,No,11,1,,
2038,1,Research Scientist,3,High,2439,11288,No,14,0,,
2040,3,Human Resources,3,High,8837,16642,Yes,16,0,,
2041,2,Sales Executive,3,High,5343,5982,No,11,1,,
2044,2,Sales Executive,3,High,6728,14255,No,12,2,,
2045,2,Sales Executive,2,Medium,6652,14369,No,13,1,,
2046,2,Sales Executive,3,High,4850,23333,No,15,0,,
2048,1,Research Scientist,2,Medium,2809,2725,No,14,0,,
2049,2,Healthcare Representative,3,High,5689,24594,Yes,14,2,,
2051,1,Research Scientist,3,High,2001,12549,No,14,3,,
2052,1,Research Scientist,1,Low,2977,8952,No,12,1,,
2053,2,Laboratory Technician,2,Medium,4025,23679,Yes,13,1,,
2054,1,Research Scientist,2,Medium,3785,8489,No,14,0,,
2055,3,Sales Executive,2,Medium,10854,16586,Yes,13,1,,
2056,4,Sales Executive,2,Medium,12031,8828,No,11,1,,
2057,2,Manufacturing Director,3,High,9936,3787,No,19,0,,
2060,1,Sales Representative,2,Medium,2966,21378,No,18,0,,
2061,2,Laboratory Technician,4,Very High,2571,12290,No,17,1,,
2062,3,Healthcare Representative,2,Medium,9991,21457,No,15,1,,
2064,2,Manufacturing Director,4,Very High,6142,5174,Yes,20,1,,
2065,2,Sales Executive,2,Medium,5390,13243,No,14,0,,
2068,2,Laboratory Technician,4,Very High,4404,10228,No,12,0,,
